Workbook

Sheet Guía
A1: Casos de prueba (CP) — Guía del formato
A3: HOJAS
A4: Resumen | B4: Una fila por historia: CP diseñados, positivos, negativos, ejecutados, OK/NOK y si cumple el mínimo de la profe.
A5: E1-HU1 … E2-HU4 | B5: Una hoja por historia de usuario de los Sprints 1 y 2, con los casos escritos con datos reales de SAIYAGYM y los mensajes exactos que muestra el sistema.
A6: Formato en blanco | B6: Plantilla vacía para las historias de los siguientes sprints.
A7: TIPO DE PRUEBA
A8: Funcionales | B8: Prueban lo que el sistema debe hacer según cada historia y sus criterios de aceptación, sin mirar el código. Este formato es de ese tipo. Las pruebas unitarias las hace el desarrollador en el código, y las de aceptación las valida el cliente.
A9: CÓMO LEER UNA HOJA
A10: Generalidades | B10: Fecha, historia (HU), módulo, No. SP, iteración y tipo de prueba. Amarillo = para completar.
A11: Alcance | B11: Cuántos CP tiene cada criterio de aceptación (CA). Se cuenta solo, leyendo el ID_CP.
A12: ID_CP | B12: HE1_HU1_CA1_CP001 = Épica 1, historia 1, criterio de aceptación 1, caso 001.
A13: Campos / Valores | B13: Cada dato que se ingresa (o se hace) y el valor exacto que se usa. Los renglones del mismo CP están agrupados.
A14: Sentido (+/-) | B14: Positivo (+): el dato es válido y debe salir bien. Negativo (-): el dato es inválido o la situación no permite la acción y el sistema debe rechazarla.
A15: Resultado esperado | B15: «Entonces CAn» + lo que dice el criterio + el mensaje exacto de la pantalla.
A16: Observación | B16: Precondición (qué debe existir antes), cómo probarlo (pantalla, API o base de datos) y si el CP es adicional al criterio.
A17: Al ejecutar
A18: Pasos | B18: Elige OK o NOK en «Resultado real». Pon el enlace de la evidencia (captura o video) o describe el fallo. Si es NOK, elige el nivel del error (Baja, Media, Alta). Las estadísticas se actualizan solas.
A19: Orden de ejecución | B19: Algunos CP dependen de otros (ej. E2-HU2 usa las rutinas de E2-HU1). Se ejecutan en el orden E1-HU1 → E2-HU4; la columna Observación lo indica.
A20: Casos con preparación en la base de datos | B20: «Usuario no encontrado» (E1-HU2 y E1-HU4) y «Rutina no encontrada» (E2-HU3): se deja el registro abierto en pantalla, se borra de la base de datos con SQL y luego se pulsa Guardar o Inactivar. «Rutina no disponible» (E2-HU4) se prepara con un UPDATE. Los pasos están en los documentos Pasos_.
A21: PARA CONFIRMAR CON LA PROFESORA
A22: 1 | B22: ¿«No. SP» es número de sprint o puntos de la historia? Lo dejé libre.
A23: 2 | B23: El «=PU» junto al ID y el esquema de la derecha de la pizarra («X3CP», «Ex», «Rg») no se leían con certeza; no los apliqué.
A24: 3 | B24: La regla «mínimo 2 positivos y 1 negativo» la apliqué por historia (el Resumen la verifica). Si es por criterio de aceptación, hay que agregar CP en los criterios que son solo negativos (ej. «Usuario duplicado»).
A25: 4 | B25: Los CP con la etiqueta [CP adicional] en Observación van más allá del criterio (formato de correo, contraseña, límites, permisos, concurrencia, integridad). Los que dicen «regla pendiente» proponen un resultado esperado que debe confirmarse; no son requisitos oficiales.
A26: 5 | B26: Nivel del error: Baja / Media / Alta (en la pizarra se ve «Baja»). Si usan otra escala, se cambia en la lista de la columna.
A27: 6 | B27: Los 68 CP originales tienen resultado OK y evidencia en Google Docs (revisada el 27/10/2026; detalle en la hoja «Revisión QA»). Los 43 CP adicionales se ejecutaron el 27/10/2026 en una copia de pruebas del código del proyecto: 32 OK, 10 NOK y 1 PENDIENTE (HE2_HU4_CA1_CP004, solo se reproduce entre 19:00 y 23:59 hora de Colombia). En la columna Evidencia, cada CP adicional es un enlace al Word «Evidencias_<HU>_adicionales.docx» y nombra la sección del CP. Los 8 enlaces de Google Drive están listados en la hoja «Evidencias».
A28: 7 | B28: En el sistema, las historias E1-HU2 y E1-HU3 están numeradas al revés que en el documento de HU (en código: HU2 = consultar, HU3 = actualizar). Aquí se usó la numeración del documento de HU.
A30: ETIQUETAS EN «OBSERVACIÓN» (agregadas en la revisión del 27/10/2026)
A31: [Verifica CAn] | B31: El CP comprueba directamente lo que dice el criterio de aceptación n.
A32: [CP adicional] | B32: El CP nace del análisis de riesgos: límites, formatos, permisos, concurrencia, relaciones entre módulos. La observación explica qué riesgo previene.
A33: [CP adicional – regla pendiente] | B33: La regla de negocio no está definida en la HU. El resultado esperado es una propuesta razonable que debe confirmarse con la profesora o el cliente.
A34: Prioridad de riesgo propuesta | B34: Alta / Media / Baja según el daño que causaría el defecto si existiera. NO es el nivel del error: el nivel solo se asigna cuando el CP se ejecuta y da NOK.
A35: Nota de análisis | B35: Lo que sugiere la lectura del código fuente sobre el comportamiento probable. No es un resultado: el resultado real solo se registra al ejecutar con evidencia.
A37: NIVEL DEL ERROR (columna «Tipo / Nivel del error»; solo para CP con resultado NOK)
A38: Baja | B38: Defecto menor, impacto limitado y con alternativa sencilla. Ej.: texto de un mensaje con errores; información confusa que se corrige con «Limpiar».
A39: Media | B39: Afecta una funcionalidad importante, pero hay alternativa o el impacto está acotado. Ej.: se acepta un dato con formato inválido; error genérico en una operación que no corrompe datos.
A40: Alta | B40: Compromete una función crítica, la integridad de los datos, los permisos o la privacidad. Ej.: un rol sin permiso modifica datos; se crea un usuario duplicado; se ve la rutina de otra persona.
A41: Regla | B41: Un CP negativo con resultado OK NO es un defecto: el sistema rechazó bien la entrada inválida. Las estadísticas de errores cuentan solo CP NOK con nivel asignado.
A43: ESTADÍSTICAS
A44: Total CP diseñados | B44: Cuenta solo las celdas de ID_CP con el formato HEx_HUx_CAx_CPxxx (no cuenta títulos ni la fila separadora).
A45: % OK / % NOK | B45: Se calculan sobre los CP ejecutados (OK + NOK). Si no hay ejecutados muestran «Sin ejecutados» en lugar de 0 %.
A46: Errores por nivel | B46: Cuentan los CP con resultado NOK y ese nivel. Un nivel escrito en un CP OK o sin ejecutar no se cuenta.
A47: Al agregar CP | B47: Escríbelos dentro del rango de la hoja o amplía los rangos de las fórmulas (B12:B15 y F5:F16), de las listas desplegables y del formato condicional.

Sheet Resumen
A1: RESUMEN DE CASOS DE PRUEBA — SAIYAGYM · Sprint 1 y Sprint 2
A4: Historia | B4: Nombre | C4: Sprint | D4: CP diseñados | E4: Positivos (+) | F4: Negativos (-) | G4: Ejecutados | H4: OK | I4: NOK | J4: Pendientes | K4: ¿Cumple mínimo 2(+) y 1(-)?
A5: E1-HU1 | B5: Registrar usuarios | C5: Sprint 1 | D5: ='E1-HU1'!F5 -> 25 | E5: ='E1-HU1'!F12 -> 4 | F5: ='E1-HU1'!F13 -> 21 | G5: ='E1-HU1'!F6 -> 25 | H5: ='E1-HU1'!F7 -> 23 | I5: ='E1-HU1'!F8 -> 2 | J5: ='E1-HU1'!F11 -> 0 | K5: =IF(AND(E5>=2,F5>=1),"Sí cumple","NO cumple") -> Sí cumple
A6: E1-HU2 | B6: Actualizar información de usuarios | C6: Sprint 1 | D6: ='E1-HU2'!F5 -> 14 | E6: ='E1-HU2'!F12 -> 4 | F6: ='E1-HU2'!F13 -> 10 | G6: ='E1-HU2'!F6 -> 14 | H6: ='E1-HU2'!F7 -> 14 | I6: ='E1-HU2'!F8 -> 0 | J6: ='E1-HU2'!F11 -> 0 | K6: =IF(AND(E6>=2,F6>=1),"Sí cumple","NO cumple") -> Sí cumple
A7: E1-HU3 | B7: Consultar información de usuarios | C7: Sprint 1 | D7: ='E1-HU3'!F5 -> 12 | E7: ='E1-HU3'!F12 -> 4 | F7: ='E1-HU3'!F13 -> 8 | G7: ='E1-HU3'!F6 -> 12 | H7: ='E1-HU3'!F7 -> 11 | I7: ='E1-HU3'!F8 -> 1 | J7: ='E1-HU3'!F11 -> 0 | K7: =IF(AND(E7>=2,F7>=1),"Sí cumple","NO cumple") -> Sí cumple
A8: E1-HU4 | B8: Gestionar estado de usuarios | C8: Sprint 1 | D8: ='E1-HU4'!F5 -> 11 | E8: ='E1-HU4'!F12 -> 5 | F8: ='E1-HU4'!F13 -> 6 | G8: ='E1-HU4'!F6 -> 11 | H8: ='E1-HU4'!F7 -> 11 | I8: ='E1-HU4'!F8 -> 0 | J8: ='E1-HU4'!F11 -> 0 | K8: =IF(AND(E8>=2,F8>=1),"Sí cumple","NO cumple") -> Sí cumple
A9: E2-HU1 | B9: Crear rutina de entrenamiento | C9: Sprint 2 | D9: ='E2-HU1'!F5 -> 16 | E9: ='E2-HU1'!F12 -> 3 | F9: ='E2-HU1'!F13 -> 13 | G9: ='E2-HU1'!F6 -> 16 | H9: ='E2-HU1'!F7 -> 15 | I9: ='E2-HU1'!F8 -> 1 | J9: ='E2-HU1'!F11 -> 0 | K9: =IF(AND(E9>=2,F9>=1),"Sí cumple","NO cumple") -> Sí cumple
A10: E2-HU2 | B10: Asignar rutina a usuario | C10: Sprint 2 | D10: ='E2-HU2'!F5 -> 13 | E10: ='E2-HU2'!F12 -> 3 | F10: ='E2-HU2'!F13 -> 10 | G10: ='E2-HU2'!F6 -> 13 | H10: ='E2-HU2'!F7 -> 9 | I10: ='E2-HU2'!F8 -> 4 | J10: ='E2-HU2'!F11 -> 0 | K10: =IF(AND(E10>=2,F10>=1),"Sí cumple","NO cumple") -> Sí cumple
A11: E2-HU3 | B11: Modificar rutina de entrenamiento | C11: Sprint 2 | D11: ='E2-HU3'!F5 -> 11 | E11: ='E2-HU3'!F12 -> 4 | F11: ='E2-HU3'!F13 -> 7 | G11: ='E2-HU3'!F6 -> 11 | H11: ='E2-HU3'!F7 -> 10 | I11: ='E2-HU3'!F8 -> 1 | J11: ='E2-HU3'!F11 -> 0 | K11: =IF(AND(E11>=2,F11>=1),"Sí cumple","NO cumple") -> Sí cumple
A12: E2-HU4 | B12: Consultar rutina asignada | C12: Sprint 2 | D12: ='E2-HU4'!F5 -> 9 | E12: ='E2-HU4'!F12 -> 4 | F12: ='E2-HU4'!F13 -> 5 | G12: ='E2-HU4'!F6 -> 8 | H12: ='E2-HU4'!F7 -> 7 | I12: ='E2-HU4'!F8 -> 1 | J12: ='E2-HU4'!F11 -> 1 | K12: =IF(AND(E12>=2,F12>=1),"Sí cumple","NO cumple") -> Sí cumple
A13: TOTAL | D13: =SUM(D5:D12) -> 111 | E13: =SUM(E5:E12) -> 31 | F13: =SUM(F5:F12) -> 80 | G13: =SUM(G5:G12) -> 110 | H13: =SUM(H5:H12) -> 100 | I13: =SUM(I5:I12) -> 10 | J13: =SUM(J5:J12) -> 1 | K13: =COUNTIF(K5:K12,"Sí cumple")&" de 8 cumplen" -> 8 de 8 cumplen
A17: EJECUCIÓN, DEFECTOS Y CONTROL DE EVIDENCIAS POR HISTORIA
A18: Historia | B18: Nombre | C18: % de ejecución (ejecutados / diseñados) | D18: % OK (sobre ejecutados) | E18: % NOK (sobre ejecutados) | F18: Defectos Baja | G18: Defectos Media | H18: Defectos Alta | I18: NOK sin nivel asignado | J18: CP adicionales (riesgo) | K18: Ejecutados sin evidencia | L18: Control: (+) + (−) = diseñados
A19: =A5 -> E1-HU1 | B19: =B5 -> Registrar usuarios | C19: =IF(D5=0,"Sin CP",G5/D5) -> 1 | D19: =IF(G5=0,"Sin ejecutados",H5/G5) -> 0.92 | E19: =IF(G5=0,"Sin ejecutados",I5/G5) -> 0.08 | F19: ='E1-HU1'!F14 -> 1 | G19: ='E1-HU1'!F15 -> 1 | H19: ='E1-HU1'!F16 -> 0 | I19: =I5-SUM(F19:H19) -> 0 | J19: =SUMPRODUCT(--(LEFT('E1-HU1'!I19:I163,13)="[CP adicional")) -> 12 | K19: =COUNTIFS('E1-HU1'!F19:F163,"OK",'E1-HU1'!G19:G163,"")+COUNTIFS('E1-HU1'!F19:F163,"NOK",'E1-HU1'!G19:G163,"") -> 0 | L19: =IF(E5+F5=D5,"Coincide","Revisar") -> Coincide
A20: =A6 -> E1-HU2 | B20: =B6 -> Actualizar información de usuarios | C20: =IF(D6=0,"Sin CP",G6/D6) -> 1 | D20: =IF(G6=0,"Sin ejecutados",H6/G6) -> 1 | E20: =IF(G6=0,"Sin ejecutados",I6/G6) -> 0 | F20: ='E1-HU2'!F14 -> 0 | G20: ='E1-HU2'!F15 -> 0 | H20: ='E1-HU2'!F16 -> 0 | I20: =I6-SUM(F20:H20) -> 0 | J20: =SUMPRODUCT(--(LEFT('E1-HU2'!I19:I89,13)="[CP adicional")) -> 7 | K20: =COUNTIFS('E1-HU2'!F19:F89,"OK",'E1-HU2'!G19:G89,"")+COUNTIFS('E1-HU2'!F19:F89,"NOK",'E1-HU2'!G19:G89,"") -> 0 | L20: =IF(E6+F6=D6,"Coincide","Revisar") -> Coincide
A21: =A7 -> E1-HU3 | B21: =B7 -> Consultar información de usuarios | C21: =IF(D7=0,"Sin CP",G7/D7) -> 1 | D21: =IF(G7=0,"Sin ejecutados",H7/G7) -> 0.91666667 | E21: =IF(G7=0,"Sin ejecutados",I7/G7) -> 0.083333333 | F21: ='E1-HU3'!F14 -> 1 | G21: ='E1-HU3'!F15 -> 0 | H21: ='E1-HU3'!F16 -> 0 | I21: =I7-SUM(F21:H21) -> 0 | J21: =SUMPRODUCT(--(LEFT('E1-HU3'!I19:I44,13)="[CP adicional")) -> 5 | K21: =COUNTIFS('E1-HU3'!F19:F44,"OK",'E1-HU3'!G19:G44,"")+COUNTIFS('E1-HU3'!F19:F44,"NOK",'E1-HU3'!G19:G44,"") -> 0 | L21: =IF(E7+F7=D7,"Coincide","Revisar") -> Coincide
A22: =A8 -> E1-HU4 | B22: =B8 -> Gestionar estado de usuarios | C22: =IF(D8=0,"Sin CP",G8/D8) -> 1 | D22: =IF(G8=0,"Sin ejecutados",H8/G8) -> 1 | E22: =IF(G8=0,"Sin ejecutados",I8/G8) -> 0 | F22: ='E1-HU4'!F14 -> 0 | G22: ='E1-HU4'!F15 -> 0 | H22: ='E1-HU4'!F16 -> 0 | I22: =I8-SUM(F22:H22) -> 0 | J22: =SUMPRODUCT(--(LEFT('E1-HU4'!I19:I52,13)="[CP adicional")) -> 6 | K22: =COUNTIFS('E1-HU4'!F19:F52,"OK",'E1-HU4'!G19:G52,"")+COUNTIFS('E1-HU4'!F19:F52,"NOK",'E1-HU4'!G19:G52,"") -> 0 | L22: =IF(E8+F8=D8,"Coincide","Revisar") -> Coincide
A23: =A9 -> E2-HU1 | B23: =B9 -> Crear rutina de entrenamiento | C23: =IF(D9=0,"Sin CP",G9/D9) -> 1 | D23: =IF(G9=0,"Sin ejecutados",H9/G9) -> 0.9375 | E23: =IF(G9=0,"Sin ejecutados",I9/G9) -> 0.0625 | F23: ='E2-HU1'!F14 -> 0 | G23: ='E2-HU1'!F15 -> 1 | H23: ='E2-HU1'!F16 -> 0 | I23: =I9-SUM(F23:H23) -> 0 | J23: =SUMPRODUCT(--(LEFT('E2-HU1'!I19:I66,13)="[CP adicional")) -> 8 | K23: =COUNTIFS('E2-HU1'!F19:F66,"OK",'E2-HU1'!G19:G66,"")+COUNTIFS('E2-HU1'!F19:F66,"NOK",'E2-HU1'!G19:G66,"") -> 0 | L23: =IF(E9+F9=D9,"Coincide","Revisar") -> Coincide
A24: =A10 -> E2-HU2 | B24: =B10 -> Asignar rutina a usuario | C24: =IF(D10=0,"Sin CP",G10/D10) -> 1 | D24: =IF(G10=0,"Sin ejecutados",H10/G10) -> 0.69230769 | E24: =IF(G10=0,"Sin ejecutados",I10/G10) -> 0.30769231 | F24: ='E2-HU2'!F14 -> 3 | G24: ='E2-HU2'!F15 -> 1 | H24: ='E2-HU2'!F16 -> 0 | I24: =I10-SUM(F24:H24) -> 0 | J24: =SUMPRODUCT(--(LEFT('E2-HU2'!I19:I60,13)="[CP adicional")) -> 7 | K24: =COUNTIFS('E2-HU2'!F19:F60,"OK",'E2-HU2'!G19:G60,"")+COUNTIFS('E2-HU2'!F19:F60,"NOK",'E2-HU2'!G19:G60,"") -> 0 | L24: =IF(E10+F10=D10,"Coincide","Revisar") -> Coincide
A25: =A11 -> E2-HU3 | B25: =B11 -> Modificar rutina de entrenamiento | C25: =IF(D11=0,"Sin CP",G11/D11) -> 1 | D25: =IF(G11=0,"Sin ejecutados",H11/G11) -> 0.90909091 | E25: =IF(G11=0,"Sin ejecutados",I11/G11) -> 0.090909091 | F25: ='E2-HU3'!F14 -> 0 | G25: ='E2-HU3'!F15 -> 1 | H25: ='E2-HU3'!F16 -> 0 | I25: =I11-SUM(F25:H25) -> 0 | J25: =SUMPRODUCT(--(LEFT('E2-HU3'!I19:I56,13)="[CP adicional")) -> 4 | K25: =COUNTIFS('E2-HU3'!F19:F56,"OK",'E2-HU3'!G19:G56,"")+COUNTIFS('E2-HU3'!F19:F56,"NOK",'E2-HU3'!G19:G56,"") -> 0 | L25: =IF(E11+F11=D11,"Coincide","Revisar") -> Coincide
A26: =A12 -> E2-HU4 | B26: =B12 -> Consultar rutina asignada | C26: =IF(D12=0,"Sin CP",G12/D12) -> 0.88888889 | D26: =IF(G12=0,"Sin ejecutados",H12/G12) -> 0.875 | E26: =IF(G12=0,"Sin ejecutados",I12/G12) -> 0.125 | F26: ='E2-HU4'!F14 -> 1 | G26: ='E2-HU4'!F15 -> 0 | H26: ='E2-HU4'!F16 -> 0 | I26: =I12-SUM(F26:H26) -> 0 | J26: =SUMPRODUCT(--(LEFT('E2-HU4'!I19:I51,13)="[CP adicional")) -> 3 | K26: =COUNTIFS('E2-HU4'!F19:F51,"OK",'E2-HU4'!G19:G51,"")+COUNTIFS('E2-HU4'!F19:F51,"NOK",'E2-HU4'!G19:G51,"") -> 0 | L26: =IF(E12+F12=D12,"Coincide","Revisar") -> Coincide
A27: TOTAL | C27: =IF(D13=0,"Sin CP",G13/D13) -> 0.99099099 | D27: =IF(G13=0,"Sin ejecutados",H13/G13) -> 0.90909091 | E27: =IF(G13=0,"Sin ejecutados",I13/G13) -> 0.090909091 | F27: =SUM(F19:F26) -> 6 | G27: =SUM(G19:G26) -> 4 | H27: =SUM(H19:H26) -> 0 | I27: =SUM(I19:I26) -> 0 | J27: =SUM(J19:J26) -> 52 | K27: =SUM(K19:K26) -> 0 | L27: =IF(E13+F13=D13,"Coincide","Revisar") -> Coincide
A29: INDICADORES GLOBALES (qué mide cada uno y cuál es su denominador)
A30: Indicador | C30: Valor | D30: Qué mide · denominador · cálculo
A31: CP diseñados | C31: =D13 -> 111 | D31: Casos escritos en las 8 hojas (originales + adicionales). Suma de «Total CP diseñados» de cada hoja, que cuenta solo IDs con formato HEx_HUx_CAx_CPxxx.
A32: CP adicionales por análisis de riesgos | C32: =J27 -> 52 | D32: CP cuya observación empieza con [CP adicional]: van más allá del criterio de aceptación. Los originales que ya eran adicionales también se cuentan.
A33: CP ejecutados | C33: =G13 -> 110 | D33: CP con resultado real OK o NOK.
A34: CP pendientes de ejecución | C34: =J13 -> 1 | D34: Diseñados − ejecutados. Un CP pendiente no tiene resultado real ni nivel de error.
A35: % de ejecución | C35: =C27 -> 0.99099099 | D35: Ejecutados / diseñados. Mide avance de la ejecución, no calidad del software.
A36: % OK sobre ejecutados | C36: =D27 -> 0.90909091 | D36: OK / ejecutados. Proporción de CP ejecutados cuyo resultado real coincidió con el esperado. NO es el % de requisitos cumplidos ni la tasa de defectos: un CP negativo con OK significa que el sistema rechazó bien un dato inválido.
A37: % NOK sobre ejecutados | C37: =E27 -> 0.090909091 | D37: NOK / ejecutados. Proporción de CP ejecutados que encontraron un comportamiento distinto al esperado.
A38: Defectos confirmados (CP NOK) | C38: =I13 -> 10 | D38: Cantidad de CP con resultado NOK. Cada NOK debe tener descripción del fallo, evidencia y nivel.
A39: Defectos de nivel Alta / Media / Baja | C39: =H27&" / "&G27&" / "&F27 -> 0 / 4 / 6 | D39: CP NOK clasificados por severidad (columna «Tipo / Nivel del error»). La severidad depende del impacto del defecto observado, no de que el CP sea negativo.
A40: CP NOK sin nivel asignado | C40: =I27 -> 0 | D40: Control de calidad del registro: debe ser 0.
A41: CP ejecutados sin evidencia | C41: =K27 -> 0 | D41: Control: CP con OK o NOK cuya celda de evidencia está vacía. Debe ser 0.
A42: Historias que cumplen el mínimo | C42: =K13 -> 8 de 8 cumplen | D42: Historias con al menos 2 CP positivos y 1 negativo (regla de la profesora, aplicada por historia).
A44: Sin CP ejecutados, los porcentajes muestran «Sin ejecutados» en lugar de 0 % para no inducir a error. Si el libro se abre en Excel y algún valor no se actualiza, presionar Ctrl+Alt+F9 (recalcular todo).

Sheet E1-HU1
A1: DISEÑO DE CASOS DE PRUEBA (CP) — SAIYAGYM · E1-HU1 Registrar usuarios
A2: Rol que ejecuta: Administrador. Celdas amarillas = para completar al ejecutar. Alcance y estadísticas se calculan solos.
A4: GENERALIDADES DE LA PRUEBA | E4: ESTADÍSTICAS
A5: Fecha | B5: 2026-10-20 | E5: Total CP diseñados | F5: =COUNTIF(A19:A163,"HE?_HU?_CA?_CP???") -> 25
A6: HU | B6: E1-HU1 — Registrar usuarios | E6: Total CP ejecutados (OK + NOK) | F6: =COUNTIF(F19:F163,"OK")+COUNTIF(F19:F163,"NOK") -> 25
A7: Módulo | B7: Gestión de usuarios (Sprint 1) | E7: CP con resultado OK | F7: =COUNTIF(F19:F163,"OK") -> 23
A8: No. SP | E8: CP con resultado NOK | F8: =COUNTIF(F19:F163,"NOK") -> 2
A9: Iteración | E9: % OK sobre ejecutados | F9: =IF(F6=0,"Sin ejecutados",F7/F6) -> 0.92
A10: Tipo de prueba | B10: Funcional | E10: % NOK sobre ejecutados | F10: =IF(F6=0,"Sin ejecutados",F8/F6) -> 0.08
A11: Alcance (CP por criterio de aceptación) | E11: CP pendientes de ejecutar | F11: =F5-F6 -> 0
A12: CA1 · Registro exitoso | B12: =COUNTIF(A19:A163,"*_CA1_*") -> 7 | E12: CP positivos (+) | F12: =COUNTIF(D19:D163,"Positivo*") -> 4
A13: CA2 · Campos obligatorios incompletos | B13: =COUNTIF(A19:A163,"*_CA2_*") -> 13 | E13: CP negativos (-) | F13: =COUNTIF(D19:D163,"Negativo*") -> 21
A14: CA3 · Usuario duplicado | B14: =COUNTIF(A19:A163,"*_CA3_*") -> 5 | E14: Errores de nivel Baja (solo CP NOK) | F14: =COUNTIFS(F19:F163,"NOK",H19:H163,"*Baja") -> 1
A15: CA4 | B15: =COUNTIF(A19:A163,"*_CA4_*") -> 0 | E15: Errores de nivel Media (solo CP NOK) | F15: =COUNTIFS(F19:F163,"NOK",H19:H163,"*Media") -> 1
A16: Total CP | B16: =SUM(B12:B15) -> 25 | E16: Errores de nivel Alta (solo CP NOK) | F16: =COUNTIFS(F19:F163,"NOK",H19:H163,"*Alta") -> 0
A17: DETALLE (CP)
A18: ID_CP | B18: Campos | C18: Valores | D18: Sentido (+/-) | E18: Resultado esperado | F18: Resultado real (OK / NOK) | G18: Evidencia (enlace) o descripción del fallo | H18: Tipo / Nivel del error | I18: Observación
A19: HE1_HU1_CA1_CP001 | B19: Nombre completo | C19: Pedro Ruiz | D19: Positivo (+) | E19: Entonces CA1: el sistema crea el usuario y muestra «Usuario registrado correctamente.» | F19: OK | G19: https://docs.google.com/document/d/1QQVp4MpEKhB28qrx3a3Iag5cRzZDnUSb/edit?usp=drive_link&ouid=103533695958335943637&rtpof=true&sd=true | I19: [Verifica CA1] Precondición: sesión de administrador, pantalla Usuarios. Caso base. Queda registrado el documento 55550001 (lo usan otros CP). Evidencia verificada (27/10/2026): el documento tiene una sección para este CP con 2 capturas que muestran los datos ingresados y el resultado esperado. El contador pasa de 5 a 6 usuarios.
B20: Número de documento | C20: 55550001
B21: Teléfono | C21: 3101234567
B22: Correo electrónico | C22: pedro@mail.com
B23: Rol | C23: usuario
B24: Contraseña | C24: Clave12345
A25: HE1_HU1_CA1_CP002 | B25: Nombre completo | C25: Laura Mora | D25: Positivo (+) | E25: Entonces CA1: el sistema crea el usuario y muestra «Entrenador registrado correctamente.» (mensaje según el rol, verificado en la evidencia). | F25: OK | G25: https://docs.google.com/document/d/1QQVp4MpEKhB28qrx3a3Iag5cRzZDnUSb/edit?usp=drive_link&ouid=103533695958335943637&rtpof=true&sd=true | I25: [Verifica CA1] Precondición: sesión de administrador, pantalla Usuarios. Rol entrenador y teléfono con indicativo. Evidencia verificada (27/10/2026): la captura muestra «Entrenador registrado correctamente.» y el contador pasa de 6 a 7. Corrección: el resultado esperado decía «Usuario registrado correctamente.»; se ajustó al mensaje real del sistema, que depende del rol. Si el CA exige el texto exacto «Usuario registrado correctamente.», este CP sería NOK (Baja). Confirmar con la profesora.
B26: Número de documento | C26: 55550002
B27: Teléfono | C27: +57 310 555 0002
B28: Correo electrónico | C28: laura@mail.com
B29: Rol | C29: entrenador
B30: Contraseña | C30: Entren2026
A31: HE1_HU1_CA1_CP003 | B31: Nombre completo | C31: Ana Torres | D31: Positivo (+) | E31: Entonces CA1: el sistema crea el usuario y muestra «Administrador registrado correctamente.» (mensaje según el rol, verificado en la evidencia). | F31: OK | G31: https://docs.google.com/document/d/1QQVp4MpEKhB28qrx3a3Iag5cRzZDnUSb/edit?usp=drive_link&ouid=103533695958335943637&rtpof=true&sd=true | I31: [Verifica CA1] Precondición: sesión de administrador, pantalla Usuarios. Rol administrador y documento con letras. Evidencia verificada (27/10/2026): la captura muestra «Administrador registrado correctamente.» y el contador pasa de 7 a 8. Misma corrección y misma confirmación pendiente que CA1_CP002.
B32: Número de documento | C32: AB1234
B33: Teléfono | C33: 3205550003
B34: Correo electrónico | C34: ana.torres@mail.com
B35: Rol | C35: administrador
B36: Contraseña | C36: Admin2026
A37: HE1_HU1_CA1_CP004 | B37: Nombre completo | C37: Luis Gómez | D37: Positivo (+) | E37: Entonces CA1: el sistema crea el usuario y muestra «Usuario registrado correctamente.» | F37: OK | G37: https://docs.google.com/document/d/1QQVp4MpEKhB28qrx3a3Iag5cRzZDnUSb/edit?usp=drive_link&ouid=103533695958335943637&rtpof=true&sd=true | I37: [Verifica CA1] Precondición: sesión de administrador, pantalla Usuarios. Valores límite: documento de 4 caracteres y contraseña de 8. Queda guardado como A123 (rol usuario, sin rutina: sirve para E2-HU4). Evidencia verificada (27/10/2026): el documento tiene una sección para este CP con 2 capturas que muestran los datos ingresados y el resultado esperado. El contador queda en 8 usuarios.
B38: Número de documento | C38: A123
B39: Teléfono | C39: 3005550004
B40: Correo electrónico | C40: luis@mail.com
B41: Rol | C41: usuario
B42: Contraseña | C42: Clave123
A43: HE1_HU1_CA2_CP001 | B43: Nombre completo | C43: (vacío) | D43: Negativo (-) | E43: Entonces CA2: el sistema rechaza el registro y muestra «Faltan campos obligatorios: Nombre completo.» | F43: OK | G43: https://docs.google.com/document/d/1QQVp4MpEKhB28qrx3a3Iag5cRzZDnUSb/edit?usp=drive_link&ouid=103533695958335943637&rtpof=true&sd=true | I43: [Verifica CA2] Precondición: sesión de administrador, pantalla Usuarios. Un solo campo obligatorio vacío. Evidencia verificada (27/10/2026): el documento tiene una sección para este CP con 2 capturas que muestran los datos ingresados y el resultado esperado.
B44: Número de documento | C44: 55550010
B45: Teléfono | C45: 3101234567
B46: Correo electrónico | C46: p10@mail.com
B47: Rol | C47: usuario
B48: Contraseña | C48: Clave12345
A49: HE1_HU1_CA2_CP002 | B49: Nombre completo | C49: Pedro Ruiz | D49: Negativo (-) | E49: Entonces CA2: el sistema rechaza el registro y muestra «Faltan campos obligatorios: Número de documento.» | F49: OK | G49: https://docs.google.com/document/d/1QQVp4MpEKhB28qrx3a3Iag5cRzZDnUSb/edit?usp=drive_link&ouid=103533695958335943637&rtpof=true&sd=true | I49: [Verifica CA2] Precondición: sesión de administrador, pantalla Usuarios. Un solo campo obligatorio vacío. Evidencia verificada (27/10/2026): el documento tiene una sección para este CP con 2 capturas que muestran los datos ingresados y el resultado esperado.
B50: Número de documento | C50: (vacío)
B51: Teléfono | C51: 3101234567
B52: Correo electrónico | C52: p10@mail.com
B53: Rol | C53: usuario
B54: Contraseña | C54: Clave12345
A55: HE1_HU1_CA2_CP003 | B55: Nombre completo | C55: Pedro Ruiz | D55: Negativo (-) | E55: Entonces CA2: el sistema rechaza el registro y muestra «Faltan campos obligatorios: Teléfono.» | F55: OK | G55: https://docs.google.com/document/d/1QQVp4MpEKhB28qrx3a3Iag5cRzZDnUSb/edit?usp=drive_link&ouid=103533695958335943637&rtpof=true&sd=true | I55: [Verifica CA2] Precondición: sesión de administrador, pantalla Usuarios. Un solo campo obligatorio vacío. Evidencia verificada (27/10/2026): el documento tiene una sección para este CP con 2 capturas que muestran los datos ingresados y el resultado esperado.
B56: Número de documento | C56: 55550010
B57: Teléfono | C57: (vacío)
B58: Correo electrónico | C58: p10@mail.com
B59: Rol | C59: usuario
B60: Contraseña | C60: Clave12345
A61: HE1_HU1_CA2_CP004 | B61: Nombre completo | C61: Pedro Ruiz | D61: Negativo (-) | E61: Entonces CA2: el sistema rechaza el registro y muestra «Faltan campos obligatorios: Correo electrónico.» | F61: OK | G61: https://docs.google.com/document/d/1QQVp4MpEKhB28qrx3a3Iag5cRzZDnUSb/edit?usp=drive_link&ouid=103533695958335943637&rtpof=true&sd=true | I61: [Verifica CA2] Precondición: sesión de administrador, pantalla Usuarios. Un solo campo obligatorio vacío. Evidencia verificada (27/10/2026): el documento tiene una sección para este CP con 2 capturas que muestran los datos ingresados y el resultado esperado.
B62: Número de documento | C62: 55550010
B63: Teléfono | C63: 3101234567
B64: Correo electrónico | C64: (vacío)
B65: Rol | C65: usuario
B66: Contraseña | C66: Clave12345
A67: HE1_HU1_CA2_CP005 | B67: Nombre completo | C67: Pedro Ruiz | D67: Negativo (-) | E67: Entonces CA2: el sistema rechaza el registro y muestra «Faltan campos obligatorios: Contraseña.» | F67: OK | G67: https://docs.google.com/document/d/1QQVp4MpEKhB28qrx3a3Iag5cRzZDnUSb/edit?usp=drive_link&ouid=103533695958335943637&rtpof=true&sd=true | I67: [Verifica CA2] Precondición: sesión de administrador, pantalla Usuarios. Un solo campo obligatorio vacío. Evidencia verificada (27/10/2026): el documento tiene una sección para este CP con 2 capturas que muestran los datos ingresados y el resultado esperado.
B68: Número de documento | C68: 55550010
B69: Teléfono | C69: 3101234567
B70: Correo electrónico | C70: p10@mail.com
B71: Rol | C71: usuario
B72: Contraseña | C72: (vacío)
A73: HE1_HU1_CA2_CP006 | B73: Nombre completo | C73: (vacío) | D73: Negativo (-) | E73: Entonces CA2: el sistema rechaza el registro y muestra «Faltan campos obligatorios: Nombre completo, Número de documento, Teléfono, Correo electrónico, Contraseña.» | F73: OK | G73: https://docs.google.com/document/d/1QQVp4MpEKhB28qrx3a3Iag5cRzZDnUSb/edit?usp=drive_link&ouid=103533695958335943637&rtpof=true&sd=true | I73: [Verifica CA2] Precondición: sesión de administrador, pantalla Usuarios. Todos los campos obligatorios vacíos. Evidencia verificada (27/10/2026): el documento tiene una sección para este CP con 2 capturas que muestran los datos ingresados y el resultado esperado.
B74: Número de documento | C74: (vacío)
B75: Teléfono | C75: (vacío)
B76: Correo electrónico | C76: (vacío)
B77: Rol | C77: usuario
B78: Contraseña | C78: (vacío)
A79: HE1_HU1_CA2_CP007 | B79: Nombre completo | C79: Pedro Ruiz | D79: Negativo (-) | E79: Entonces CA2: el sistema rechaza el registro y muestra «Ingresa un correo electrónico válido.» | F79: OK | G79: https://docs.google.com/document/d/1QQVp4MpEKhB28qrx3a3Iag5cRzZDnUSb/edit?usp=drive_link&ouid=103533695958335943637&rtpof=true&sd=true | I79: [CP adicional] Precondición: sesión de administrador, pantalla Usuarios. CP adicional: el CA2 habla de campos vacíos; este valida el formato del correo. Evidencia verificada (27/10/2026): el documento tiene una sección para este CP con 2 capturas que muestran los datos ingresados y el resultado esperado.
B80: Número de documento | C80: 55550010
B81: Teléfono | C81: 3101234567
B82: Correo electrónico | C82: pedro@
B83: Rol | C83: usuario
B84: Contraseña | C84: Clave12345
A85: HE1_HU1_CA2_CP008 | B85: Nombre completo | C85: Pedro Ruiz | D85: Negativo (-) | E85: Entonces CA2: el sistema rechaza el registro y muestra «La contraseña debe tener entre 8 y 72 caracteres, con al menos una letra y un número.» | F85: OK | G85: https://docs.google.com/document/d/1QQVp4MpEKhB28qrx3a3Iag5cRzZDnUSb/edit?usp=drive_link&ouid=103533695958335943637&rtpof=true&sd=true | I85: [CP adicional] Precondición: sesión de administrador, pantalla Usuarios. CP adicional (formato de contraseña). Evidencia verificada (27/10/2026): el documento tiene una sección para este CP con 2 capturas que muestran los datos ingresados y el resultado esperado.
B86: Número de documento | C86: 55550010
B87: Teléfono | C87: 3101234567
B88: Correo electrónico | C88: p10@mail.com
B89: Rol | C89: usuario
B90: Contraseña | C90: corta1
A91: HE1_HU1_CA2_CP009 | B91: Nombre completo | C91: Pedro Ruiz | D91: Negativo (-) | E91: Entonces CA2: el sistema rechaza el registro y muestra el mismo mensaje de contraseña (falta un número). | F91: OK | G91: https://docs.google.com/document/d/1QQVp4MpEKhB28qrx3a3Iag5cRzZDnUSb/edit?usp=drive_link&ouid=103533695958335943637&rtpof=true&sd=true | I91: [CP adicional] Precondición: sesión de administrador, pantalla Usuarios. CP adicional (formato de contraseña). Evidencia verificada (27/10/2026): el documento tiene una sección para este CP con 2 capturas que muestran los datos ingresados y el resultado esperado.
B92: Número de documento | C92: 55550010
B93: Teléfono | C93: 3101234567
B94: Correo electrónico | C94: p10@mail.com
B95: Rol | C95: usuario
B96: Contraseña | C96: soloLetrasAqui
A97: HE1_HU1_CA3_CP001 | B97: Nombre completo | C97: Carlos Díaz | D97: Negativo (-) | E97: Entonces CA3: el sistema rechaza el registro y muestra «El usuario ya existe: hay un registro con ese documento.» | F97: OK | G97: https://docs.google.com/document/d/1QQVp4MpEKhB28qrx3a3Iag5cRzZDnUSb/edit?usp=drive_link&ouid=103533695958335943637&rtpof=true&sd=true | I97: [Verifica CA3] Precondición: sesión de administrador, pantalla Usuarios. Precondición extra: ya existe el documento 55550001 (CA1_CP001). Evidencia verificada (27/10/2026): el documento tiene una sección para este CP con 2 capturas que muestran los datos ingresados y el resultado esperado.
B98: Número de documento | C98: 55550001
B99: Teléfono | C99: 3115550005
B100: Correo electrónico | C100: carlos@mail.com
B101: Rol | C101: usuario
...

Sheet E1-HU2
A1: DISEÑO DE CASOS DE PRUEBA (CP) — SAIYAGYM · E1-HU2 Actualizar información de usuarios
A2: Rol que ejecuta: Administrador. Celdas amarillas = para completar al ejecutar. Alcance y estadísticas se calculan solos.
A4: GENERALIDADES DE LA PRUEBA | E4: ESTADÍSTICAS
A5: Fecha | B5: 2026-10-20 | E5: Total CP diseñados | F5: =COUNTIF(A19:A89,"HE?_HU?_CA?_CP???") -> 14
A6: HU | B6: E1-HU2 — Actualizar información de usuarios | E6: Total CP ejecutados (OK + NOK) | F6: =COUNTIF(F19:F89,"OK")+COUNTIF(F19:F89,"NOK") -> 14
A7: Módulo | B7: Gestión de usuarios (Sprint 1) | E7: CP con resultado OK | F7: =COUNTIF(F19:F89,"OK") -> 14
A8: No. SP | E8: CP con resultado NOK | F8: =COUNTIF(F19:F89,"NOK") -> 0
A9: Iteración | E9: % OK sobre ejecutados | F9: =IF(F6=0,"Sin ejecutados",F7/F6) -> 1
A10: Tipo de prueba | B10: Funcional | E10: % NOK sobre ejecutados | F10: =IF(F6=0,"Sin ejecutados",F8/F6) -> 0
A11: Alcance (CP por criterio de aceptación) | E11: CP pendientes de ejecutar | F11: =F5-F6 -> 0
A12: CA1 · Actualización exitosa | B12: =COUNTIF(A19:A89,"*_CA1_*") -> 4 | E12: CP positivos (+) | F12: =COUNTIF(D19:D89,"Positivo*") -> 4
A13: CA2 · Usuario no encontrado | B13: =COUNTIF(A19:A89,"*_CA2_*") -> 2 | E13: CP negativos (-) | F13: =COUNTIF(D19:D89,"Negativo*") -> 10
A14: CA3 · Datos incompletos | B14: =COUNTIF(A19:A89,"*_CA3_*") -> 8 | E14: Errores de nivel Baja (solo CP NOK) | F14: =COUNTIFS(F19:F89,"NOK",H19:H89,"*Baja") -> 0
A15: CA4 | B15: =COUNTIF(A19:A89,"*_CA4_*") -> 0 | E15: Errores de nivel Media (solo CP NOK) | F15: =COUNTIFS(F19:F89,"NOK",H19:H89,"*Media") -> 0
A16: Total CP | B16: =SUM(B12:B15) -> 14 | E16: Errores de nivel Alta (solo CP NOK) | F16: =COUNTIFS(F19:F89,"NOK",H19:H89,"*Alta") -> 0
A17: DETALLE (CP)
A18: ID_CP | B18: Campos | C18: Valores | D18: Sentido (+/-) | E18: Resultado esperado | F18: Resultado real (OK / NOK) | G18: Evidencia (enlace) o descripción del fallo | H18: Tipo / Nivel del error | I18: Observación
A19: HE1_HU2_CA1_CP001 | B19: Nombre completo | C19: Pedro Ruiz | D19: Positivo (+) | E19: Entonces CA1: el sistema guarda los cambios y muestra «Usuario actualizado correctamente.» | F19: OK | G19: https://docs.google.com/document/d/1qH6x9oWqjPh-aAiX5MJjBOjreEm26viX/edit?usp=drive_link&ouid=103533695958335943637&rtpof=true&sd=true | I19: [Verifica CA1] Precondición: sesión de administrador; clic en «Editar» del usuario. Usuario: Pedro Ruiz (E1-HU1 CA1_CP001). Solo cambia el teléfono; la lista debe mostrar el nuevo valor. Evidencia verificada (27/10/2026): el documento tiene una sección para este CP con 2 capturas que muestran los datos ingresados y el resultado esperado. La captura del resultado muestra el mensaje, pero no la fila con el nuevo teléfono; el valor 3109998877 sí se ve en la evidencia de E1-HU4.
B20: Número de documento | C20: 55550001
B21: Teléfono | C21: 3109998877
B22: Correo electrónico | C22: pedro@mail.com
B23: Rol | C23: usuario
B24: Contraseña | C24: (vacío = conserva la actual)
A25: HE1_HU2_CA1_CP002 | B25: Nombre completo | C25: Laura Mora Díaz | D25: Positivo (+) | E25: Entonces CA1: el sistema guarda los cambios y muestra «Usuario actualizado correctamente.» | F25: OK | G25: https://docs.google.com/document/d/1qH6x9oWqjPh-aAiX5MJjBOjreEm26viX/edit?usp=drive_link&ouid=103533695958335943637&rtpof=true&sd=true | I25: [Verifica CA1] Precondición: sesión de administrador; clic en «Editar» del usuario. Usuario: Laura Mora (E1-HU1 CA1_CP002). Cambia nombre y correo. Evidencia verificada (27/10/2026): el documento tiene una sección para este CP con 2 capturas que muestran los datos ingresados y el resultado esperado. La captura del resultado muestra el mensaje; el nombre y el correo nuevos se ven en la evidencia de E1-HU4.
B26: Número de documento | C26: 55550002
B27: Teléfono | C27: +57 310 555 0002
B28: Correo electrónico | C28: laura.mora@mail.com
B29: Rol | C29: entrenador
B30: Contraseña | C30: (vacío = conserva la actual)
A31: HE1_HU2_CA1_CP003 | B31: Nombre completo | C31: Pedro Ruiz | D31: Positivo (+) | E31: Entonces CA1: el sistema guarda los cambios y muestra «Usuario actualizado correctamente.» | F31: OK | G31: https://docs.google.com/document/d/1qH6x9oWqjPh-aAiX5MJjBOjreEm26viX/edit?usp=drive_link&ouid=103533695958335943637&rtpof=true&sd=true | I31: [Verifica CA1] Precondición: sesión de administrador; clic en «Editar» del usuario. Cambio de contraseña: después Pedro debe poder iniciar sesión con Nueva2026. Evidencia verificada (27/10/2026): el documento tiene una sección para este CP con 2 capturas que muestran los datos ingresados y el resultado esperado. Falta evidencia del inicio de sesión con Nueva2026 (solo se ve en E2-HU4, cuyo documento no es accesible). Agregar una captura del login de Pedro.
B32: Número de documento | C32: 55550001
B33: Teléfono | C33: 3109998877
B34: Correo electrónico | C34: pedro@mail.com
B35: Rol | C35: usuario
B36: Contraseña | C36: Nueva2026
A37: HE1_HU2_CA2_CP001 | B37: Nombre completo | C37: Temporal Prueba | D37: Negativo (-) | E37: Entonces CA2: el sistema rechaza los cambios y muestra «El usuario no existe.»; el formulario se limpia y la lista se actualiza. | F37: OK | G37: https://docs.google.com/document/d/1qH6x9oWqjPh-aAiX5MJjBOjreEm26viX/edit?usp=drive_link&ouid=103533695958335943637&rtpof=true&sd=true | I37: [Verifica CA2] Precondición: sesión de administrador; clic en «Editar» del usuario. Usuario temporal 55559999: se registra, se pulsa «Editar» y, sin cerrar el formulario, se borra de la base de datos con SQL. Luego se cambia el teléfono y se pulsa «Guardar cambios» (pasos en el documento Pasos_E1-HU2). Evidencia verificada (27/10/2026): el documento tiene una sección para este CP con 2 capturas que muestran los datos ingresados y el resultado esperado.
B38: Número de documento | C38: 55559999
B39: Teléfono | C39: 3109998877
B40: Correo electrónico | C40: temporal@mail.com
B41: Rol | C41: usuario
B42: Contraseña | C42: (vacío = conserva la actual)
A43: HE1_HU2_CA3_CP001 | B43: Nombre completo | C43: (vacío) | D43: Negativo (-) | E43: Entonces CA3: el sistema rechaza los cambios y muestra «Faltan campos obligatorios: Nombre completo.» | F43: OK | G43: https://docs.google.com/document/d/1qH6x9oWqjPh-aAiX5MJjBOjreEm26viX/edit?usp=drive_link&ouid=103533695958335943637&rtpof=true&sd=true | I43: [Verifica CA3] Precondición: sesión de administrador; clic en «Editar» del usuario. Se borra el nombre y se guarda. Evidencia verificada (27/10/2026): el documento tiene una sección para este CP con 2 capturas que muestran los datos ingresados y el resultado esperado.
B44: Número de documento | C44: 55550001
B45: Teléfono | C45: 3109998877
B46: Correo electrónico | C46: pedro@mail.com
B47: Rol | C47: usuario
B48: Contraseña | C48: (vacío = conserva la actual)
A49: HE1_HU2_CA3_CP002 | B49: Nombre completo | C49: Pedro Ruiz | D49: Negativo (-) | E49: Entonces CA3: el sistema rechaza los cambios y muestra «Faltan campos obligatorios: Correo electrónico.» | F49: OK | G49: https://docs.google.com/document/d/1qH6x9oWqjPh-aAiX5MJjBOjreEm26viX/edit?usp=drive_link&ouid=103533695958335943637&rtpof=true&sd=true | I49: [Verifica CA3] Precondición: sesión de administrador; clic en «Editar» del usuario. Se borra el correo y se guarda. Evidencia verificada (27/10/2026): el documento tiene una sección para este CP con 2 capturas que muestran los datos ingresados y el resultado esperado.
B50: Número de documento | C50: 55550001
B51: Teléfono | C51: 3109998877
B52: Correo electrónico | C52: (vacío)
B53: Rol | C53: usuario
B54: Contraseña | C54: (vacío = conserva la actual)
A55: HE1_HU2_CA3_CP003 | B55: Nombre completo | C55: (vacío) | D55: Negativo (-) | E55: Entonces CA3: el sistema rechaza los cambios y muestra «Faltan campos obligatorios: Nombre completo, Número de documento, Teléfono, Correo electrónico.» | F55: OK | G55: https://docs.google.com/document/d/1qH6x9oWqjPh-aAiX5MJjBOjreEm26viX/edit?usp=drive_link&ouid=103533695958335943637&rtpof=true&sd=true | I55: [Verifica CA3] Precondición: sesión de administrador; clic en «Editar» del usuario. Se borran todos los datos obligatorios. Evidencia verificada (27/10/2026): el documento tiene una sección para este CP con 2 capturas que muestran los datos ingresados y el resultado esperado.
B56: Número de documento | C56: (vacío)
B57: Teléfono | C57: (vacío)
B58: Correo electrónico | C58: (vacío)
B59: Rol | C59: usuario
B60: Contraseña | C60: (vacío = conserva la actual)
A61: HE1_HU2_CA3_CP004 | B61: Nombre completo | C61: Pedro Ruiz | D61: Negativo (-) | E61: Entonces CA3: el sistema rechaza los cambios y muestra «El usuario ya existe: hay un registro con ese documento.» | F61: OK | G61: https://docs.google.com/document/d/1qH6x9oWqjPh-aAiX5MJjBOjreEm26viX/edit?usp=drive_link&ouid=103533695958335943637&rtpof=true&sd=true | I61: [CP adicional] Precondición: sesión de administrador; clic en «Editar» del usuario. CP adicional: el documento 10000003 ya pertenece a Camila Pérez. Evidencia verificada (27/10/2026): el documento tiene una sección para este CP con 2 capturas que muestran los datos ingresados y el resultado esperado.
B62: Número de documento | C62: 10000003
B63: Teléfono | C63: 3109998877
B64: Correo electrónico | C64: pedro@mail.com
B65: Rol | C65: usuario
B66: Contraseña | C66: (vacío = conserva la actual)
A67: HE1_HU2_CA3_CP005 | B67: Nombre completo | C67: Administrador Demo | D67: Negativo (-) | E67: Entonces CA3: el sistema rechaza los cambios y muestra «No puedes cambiar tu propio rol.» | F67: OK | G67: https://docs.google.com/document/d/1qH6x9oWqjPh-aAiX5MJjBOjreEm26viX/edit?usp=drive_link&ouid=103533695958335943637&rtpof=true&sd=true | I67: [CP adicional] Precondición: sesión de administrador; clic en «Editar» del usuario. CP adicional: edita al administrador que tiene la sesión abierta (10000001) y cambia su rol. Evidencia verificada (27/10/2026): el documento tiene una sección para este CP con 2 capturas que muestran los datos ingresados y el resultado esperado.
B68: Número de documento | C68: 10000001
B69: Teléfono | C69: 3000000001
B70: Correo electrónico | C70: admin@saiyagym.test
B71: Rol | C71: entrenador
B72: Contraseña | C72: (vacío = conserva la actual)
A73: CP ADICIONALES PROPUESTOS POR ANÁLISIS DE RIESGOS · EJECUTADOS EL 27/10/2026 en una copia de pruebas (evidencia en Evidencias_E1-HU2_adicionales.docx; un CP marcado PENDIENTE no se pudo ejecutar)
A74: HE1_HU2_CA1_CP004 | B74: Usuario editado | C74: Ana Torres (AB1234): rol administrador → usuario | D74: Positivo (+) | E74: Validación adicional: se guarda con «Usuario actualizado correctamente.» y, en la sesión de Ana, la búsqueda es rechazada con «No tienes permiso para realizar esta acción.»: el cambio de rol tiene efecto inmediato, no al cerrar sesión. | F74: OK | G74: Evidencias_E1-HU2_adicionales.docx › HE1_HU2_CA1_CP004 | I74: [CP adicional] Riesgo: registro que cambia mientras se usa. La sesión dura 8 h; si el rol se leyera solo del token, Ana seguiría administrando usuarios. Al terminar, devolver a Ana el rol administrador. Prioridad de riesgo propuesta: Alta.
B75: Sesión 1 | C75: Sesión de Administrador Demo (10000001 / Saiya2026): edita a Ana y pulsa «Guardar cambios»
B76: Sesión 2 | C76: Ana Torres (AB1234 / Admin2026) con la pantalla Usuarios abierta en otro navegador
B77: Acción final | C77: En la sesión 2, pulsar «Buscar» con el texto «camila»
A78: HE1_HU2_CA2_CP002 | B78: Canal | C78: API: PUT http://localhost:3000/api/usuarios/2147483648 | D78: Negativo (-) | E78: Validación adicional: respuesta 400 «El id de usuario indicado no es válido.»; ningún usuario cambia y no hay error 500. | F78: OK | G78: Evidencias_E1-HU2_adicionales.docx › HE1_HU2_CA2_CP002 | I78: [CP adicional] Riesgo: 2147483648 supera el entero máximo de PostgreSQL (INTEGER); sin validación, la consulta fallaría con error interno. Es además una forma reproducible de probar el CA2 sin borrar datos con SQL. Prioridad de riesgo propuesta: Baja.
B79: Token | C79: Sesión de Administrador Demo (10000001 / Saiya2026)
B80: Cuerpo JSON | C80: {"nombre":"Pedro Ruiz","documento":"55550001","telefono":"3109998877","correo":"pedro@mail.com","rol":"usuario"}
A81: HE1_HU2_CA3_CP006 | B81: Usuario | C81: Pedro Ruiz (55550001) | D81: Negativo (-) | E81: Validación adicional: rechaza con «La contraseña debe tener entre 8 y 72 caracteres, con al menos una letra y un número.»; Pedro sigue entrando con Nueva2026 y no con abcdefgh. | F81: OK | G81: Evidencias_E1-HU2_adicionales.docx › HE1_HU2_CA3_CP006 | I81: [CP adicional] Riesgo: que la edición aplique reglas más débiles que el registro y deje una contraseña insegura. Precondición: CA1_CP003 ejecutado (contraseña Nueva2026). Prioridad de riesgo propuesta: Media.
B82: Nombre, documento, teléfono, correo, rol | C82: sin cambios
B83: Nueva contraseña | C83: abcdefgh (8 letras, sin número)
A84: HE1_HU2_CA3_CP007 | B84: Usuario | C84: Pedro Ruiz (55550001) | D84: Negativo (-) | E84: Entonces CA3 (variante): rechaza con «Faltan campos obligatorios: Teléfono.»; el teléfono guardado sigue siendo 3109998877. | F84: OK | G84: Evidencias_E1-HU2_adicionales.docx › HE1_HU2_CA3_CP007 | I84: [CP adicional] Riesgo: un campo «lleno» de espacios parece completo en pantalla y podría dejar un teléfono vacío en la base de datos. Prioridad de riesgo propuesta: Media.
B85: Teléfono | C85: 8 espacios en blanco
B86: Demás campos | C86: sin cambios
A87: HE1_HU2_CA3_CP008 | B87: Canal | C87: API: PUT http://localhost:3000/api/usuarios/{id de Camila} (consultar el id como administrador) | D87: Negativo (-) | E87: Validación adicional: respuesta 403 «No tienes permiso para realizar esta acción.»; Camila conserva el rol usuario (verificarlo como administrador). | F87: OK | G87: Evidencias_E1-HU2_adicionales.docx › HE1_HU2_CA3_CP008 | I87: [CP adicional] Riesgo de escalada de privilegios: un usuario del gimnasio intenta modificar sus propios datos y darse el rol administrador. Prioridad de riesgo propuesta: Alta.
B88: Token | C88: Sesión de Camila Pérez (10000003 / Saiya2026)
B89: Cuerpo JSON | C89: {"nombre":"Camila Pérez","documento":"10000003","telefono":"3000000003","correo":"camila@saiyagym.test","rol":"administrador"}

Sheet E1-HU3
A1: DISEÑO DE CASOS DE PRUEBA (CP) — SAIYAGYM · E1-HU3 Consultar información de usuarios
A2: Rol que ejecuta: Administrador. Celdas amarillas = para completar al ejecutar. Alcance y estadísticas se calculan solos.
A4: GENERALIDADES DE LA PRUEBA | E4: ESTADÍSTICAS
A5: Fecha | B5: 2026-10-20 | E5: Total CP diseñados | F5: =COUNTIF(A19:A44,"HE?_HU?_CA?_CP???") -> 12
A6: HU | B6: E1-HU3 — Consultar información de usuarios | E6: Total CP ejecutados (OK + NOK) | F6: =COUNTIF(F19:F44,"OK")+COUNTIF(F19:F44,"NOK") -> 12
A7: Módulo | B7: Gestión de usuarios (Sprint 1) | E7: CP con resultado OK | F7: =COUNTIF(F19:F44,"OK") -> 11
A8: No. SP | E8: CP con resultado NOK | F8: =COUNTIF(F19:F44,"NOK") -> 1
A9: Iteración | E9: % OK sobre ejecutados | F9: =IF(F6=0,"Sin ejecutados",F7/F6) -> 0.91666667
A10: Tipo de prueba | B10: Funcional | E10: % NOK sobre ejecutados | F10: =IF(F6=0,"Sin ejecutados",F8/F6) -> 0.083333333
A11: Alcance (CP por criterio de aceptación) | E11: CP pendientes de ejecutar | F11: =F5-F6 -> 0
A12: CA1 · Usuario encontrado | B12: =COUNTIF(A19:A44,"*_CA1_*") -> 5 | E12: CP positivos (+) | F12: =COUNTIF(D19:D44,"Positivo*") -> 4
A13: CA2 · Usuario no encontrado | B13: =COUNTIF(A19:A44,"*_CA2_*") -> 4 | E13: CP negativos (-) | F13: =COUNTIF(D19:D44,"Negativo*") -> 8
A14: CA3 · Criterio de búsqueda vacío | B14: =COUNTIF(A19:A44,"*_CA3_*") -> 3 | E14: Errores de nivel Baja (solo CP NOK) | F14: =COUNTIFS(F19:F44,"NOK",H19:H44,"*Baja") -> 1
A15: CA4 | B15: =COUNTIF(A19:A44,"*_CA4_*") -> 0 | E15: Errores de nivel Media (solo CP NOK) | F15: =COUNTIFS(F19:F44,"NOK",H19:H44,"*Media") -> 0
A16: Total CP | B16: =SUM(B12:B15) -> 12 | E16: Errores de nivel Alta (solo CP NOK) | F16: =COUNTIFS(F19:F44,"NOK",H19:H44,"*Alta") -> 0
A17: DETALLE (CP)
A18: ID_CP | B18: Campos | C18: Valores | D18: Sentido (+/-) | E18: Resultado esperado | F18: Resultado real (OK / NOK) | G18: Evidencia (enlace) o descripción del fallo | H18: Tipo / Nivel del error | I18: Observación
A19: HE1_HU3_CA1_CP001 | B19: Campo de búsqueda | C19: 10000003 | D19: Positivo (+) | E19: Entonces CA1: el sistema muestra solo a Camila Pérez con sus datos (documento, teléfono, correo, rol, estado). | F19: OK | G19: https://docs.google.com/document/d/1_C8d_ZDSL8BJSZhFncwF0chnvJCmjNM0/edit?usp=drive_link&ouid=103533695958335943637&rtpof=true&sd=true | I19: [Verifica CA1] Precondición: sesión de administrador, lista «Usuarios registrados». Se usan los usuarios de demostración (db:seed). Búsqueda por documento. Evidencia verificada (27/10/2026): el documento tiene una sección para este CP con 2 capturas que muestran los datos ingresados y el resultado esperado.
B20: Acción | C20: Clic en «Buscar»
A21: HE1_HU3_CA1_CP002 | B21: Campo de búsqueda | C21: camila | D21: Positivo (+) | E21: Entonces CA1: el sistema muestra a Camila Pérez (la búsqueda no distingue mayúsculas). | F21: OK | G21: https://docs.google.com/document/d/1_C8d_ZDSL8BJSZhFncwF0chnvJCmjNM0/edit?usp=drive_link&ouid=103533695958335943637&rtpof=true&sd=true | I21: [Verifica CA1] Precondición: sesión de administrador, lista «Usuarios registrados». Se usan los usuarios de demostración (db:seed). Búsqueda por nombre parcial en minúscula. Evidencia verificada (27/10/2026): el documento tiene una sección para este CP con 2 capturas que muestran los datos ingresados y el resultado esperado.
B22: Acción | C22: Clic en «Buscar»
A23: HE1_HU3_CA1_CP003 | B23: Campo de búsqueda | C23: gómez | D23: Positivo (+) | E23: Entonces CA1: el sistema muestra a Andrés Gómez con estado Inactivo. | F23: OK | G23: https://docs.google.com/document/d/1_C8d_ZDSL8BJSZhFncwF0chnvJCmjNM0/edit?usp=drive_link&ouid=103533695958335943637&rtpof=true&sd=true | I23: [Verifica CA1] Precondición: sesión de administrador, lista «Usuarios registrados». Se usan los usuarios de demostración (db:seed). Búsqueda por apellido: aparecen también otros usuarios cuyo nombre contenga «gómez» (por ejemplo Luis Gómez si ya se registró). Evidencia verificada (27/10/2026): el documento tiene una sección para este CP con 2 capturas que muestran los datos ingresados y el resultado esperado.
B24: Acción | C24: Clic en «Buscar»
A25: HE1_HU3_CA2_CP001 | B25: Campo de búsqueda | C25: zzz999 | D25: Negativo (-) | E25: Entonces CA2: la lista queda vacía y muestra el recuadro «No encontramos coincidencias» con el texto «No se encontró ningún usuario con ese nombre o documento.» | F25: OK | G25: https://docs.google.com/document/d/1_C8d_ZDSL8BJSZhFncwF0chnvJCmjNM0/edit?usp=drive_link&ouid=103533695958335943637&rtpof=true&sd=true | I25: [Verifica CA2] Precondición: sesión de administrador, lista «Usuarios registrados». Se usan los usuarios de demostración (db:seed). Texto que no existe. Evidencia verificada (27/10/2026): el documento tiene una sección para este CP con 2 capturas que muestran los datos ingresados y el resultado esperado.
B26: Acción | C26: Clic en «Buscar»
A27: HE1_HU3_CA2_CP002 | B27: Campo de búsqueda | C27: 99999999 | D27: Negativo (-) | E27: Entonces CA2: la lista queda vacía y muestra el recuadro «No encontramos coincidencias» con el texto «No se encontró ningún usuario con ese nombre o documento.» | F27: OK | G27: https://docs.google.com/document/d/1_C8d_ZDSL8BJSZhFncwF0chnvJCmjNM0/edit?usp=drive_link&ouid=103533695958335943637&rtpof=true&sd=true | I27: [Verifica CA2] Precondición: sesión de administrador, lista «Usuarios registrados». Se usan los usuarios de demostración (db:seed). Documento que no existe. Evidencia verificada (27/10/2026): el documento tiene una sección para este CP con 2 capturas que muestran los datos ingresados y el resultado esperado.
B28: Acción | C28: Clic en «Buscar»
A29: HE1_HU3_CA3_CP001 | B29: Campo de búsqueda | C29: (vacío) | D29: Negativo (-) | E29: Entonces CA3: el sistema muestra «Ingresa un nombre o número de documento para buscar.» | F29: OK | G29: https://docs.google.com/document/d/1_C8d_ZDSL8BJSZhFncwF0chnvJCmjNM0/edit?usp=drive_link&ouid=103533695958335943637&rtpof=true&sd=true | I29: [Verifica CA3] Precondición: sesión de administrador, lista «Usuarios registrados». Se usan los usuarios de demostración (db:seed). Campo vacío. Evidencia verificada (27/10/2026): el documento tiene una sección para este CP con 2 capturas que muestran los datos ingresados y el resultado esperado. Observación: junto al mensaje, la pantalla muestra «0 usuarios» y «No encontramos coincidencias»; ver HE1_HU3_CA3_CP003.
B30: Acción | C30: Clic en «Buscar»
A31: HE1_HU3_CA3_CP002 | B31: Campo de búsqueda | C31: (solo espacios) | D31: Negativo (-) | E31: Entonces CA3: el sistema muestra «Ingresa un nombre o número de documento para buscar.» | F31: OK | G31: https://docs.google.com/document/d/1_C8d_ZDSL8BJSZhFncwF0chnvJCmjNM0/edit?usp=drive_link&ouid=103533695958335943637&rtpof=true&sd=true | I31: [Verifica CA3] Precondición: sesión de administrador, lista «Usuarios registrados». Se usan los usuarios de demostración (db:seed). Solo espacios: se trata como vacío. Evidencia verificada (27/10/2026): el documento tiene una sección para este CP con 2 capturas que muestran los datos ingresados y el resultado esperado. Misma observación que CA3_CP001; ver HE1_HU3_CA3_CP003.
B32: Acción | C32: Clic en «Buscar»
A33: CP ADICIONALES PROPUESTOS POR ANÁLISIS DE RIESGOS · EJECUTADOS EL 27/10/2026 en una copia de pruebas (evidencia en Evidencias_E1-HU3_adicionales.docx; un CP marcado PENDIENTE no se pudo ejecutar)
A34: HE1_HU3_CA1_CP004 | B34: Campo de búsqueda | C34: perez (sin tilde) | D34: Positivo (+) | E34: Resultado esperado propuesto (regla pendiente): muestra a Camila Pérez, porque un administrador puede escribir sin tilde. Si se confirma que la búsqueda debe respetar las tildes, el esperado es «No encontramos coincidencias». | F34: NOK | G34: NOK: «perez» no encuentra a «Pérez» (regla R04). Evidencias_E1-HU3_adicionales.docx › HE1_HU3_CA1_CP004 | H34: Funcional (búsqueda) · Baja | I34: [CP adicional – regla pendiente] Riesgo de usabilidad: la búsqueda ignora mayúsculas (CA1_CP002), pero no hay prueba de que ignore tildes; un usuario existente parecería no registrado y podría intentarse registrar de nuevo. Nota de análisis: la consulta usa ILIKE, que distingue tildes; si no lo encuentra y se confirma la regla, registrar NOK (severidad sugerida: Baja). Prioridad de riesgo propuesta: Baja.
B35: Acción | C35: Clic en «Buscar»
A36: HE1_HU3_CA1_CP005 | B36: Canal | C36: API: GET http://localhost:3000/api/usuarios?buscar=camila | D36: Negativo (-) | E36: Validación adicional: respuesta 403 «No tienes permiso para realizar esta acción.»; no se devuelven teléfono ni correo. Además, GET http://localhost:3000/api/asignaciones/usuarios no debe incluir «telefono» ni «correo». | F36: OK | G36: Evidencias_E1-HU3_adicionales.docx › HE1_HU3_CA1_CP005 | I36: [CP adicional] Riesgo de privacidad: teléfono y correo son datos personales y la consulta de usuarios es del administrador. Prioridad de riesgo propuesta: Alta.
B37: Token | C37: Sesión de Entrenador Demo (10000002 / Saiya2026)
A38: HE1_HU3_CA2_CP003 | B38: Campo de búsqueda | C38: % | D38: Negativo (-) | E38: Entonces CA2 (variante): muestra «No encontramos coincidencias» con «No se encontró ningún usuario con ese nombre o documento.» (ningún nombre ni documento contiene «%»); no debe listar a todos los usuarios. | F38: OK | G38: Evidencias_E1-HU3_adicionales.docx › HE1_HU3_CA2_CP003 | I38: [CP adicional] Riesgo: en SQL «%» es comodín; si no se escapa, la búsqueda devuelve todo el directorio y deja de filtrar. Probar también «_». Prioridad de riesgo propuesta: Media.
B39: Acción | C39: Clic en «Buscar»
A40: HE1_HU3_CA2_CP004 | B40: Campo de búsqueda | C40: ' OR '1'='1 | D40: Negativo (-) | E40: Entonces CA2 (variante): muestra «No encontramos coincidencias»; no aparece error del servidor y, al pulsar «Limpiar», el directorio muestra todos los usuarios con sus datos intactos. | F40: OK | G40: Evidencias_E1-HU3_adicionales.docx › HE1_HU3_CA2_CP004 | I40: [CP adicional] Riesgo de seguridad (inyección SQL) en el único texto libre que llega a una consulta. Prioridad de riesgo propuesta: Alta.
B41: Acción | C41: Clic en «Buscar»; luego «Limpiar»
A42: HE1_HU3_CA3_CP003 | B42: Estado inicial | C42: Lista completa, sin filtro (pulsar «Limpiar»); anotar el contador, p. ej. «8 usuarios» | D42: Negativo (-) | E42: Entonces CA3: muestra «Ingresa un nombre o número de documento para buscar.» y la lista conserva todos los usuarios con su contador; no debe mostrar «0 usuarios» ni «No encontramos coincidencias», porque sí hay usuarios. | F42: OK | G42: Evidencias_E1-HU3_adicionales.docx › HE1_HU3_CA3_CP003 | I42: [CP adicional] Hallazgo en la evidencia de CA3_CP001 y CA3_CP002: junto al mensaje correcto, la pantalla muestra «0 usuarios» y «No encontramos coincidencias», información contradictoria. No se sabe si viene de la búsqueda anterior (zzz999); por eso este CP parte de la lista completa. Si se repite, registrar NOK (severidad sugerida: Baja: información engañosa con alternativa sencilla, «Limpiar»). Prioridad de riesgo propuesta: Baja.
B43: Campo de búsqueda | C43: (vacío)
B44: Acción | C44: Clic en «Buscar»

Sheet E1-HU4
A1: DISEÑO DE CASOS DE PRUEBA (CP) — SAIYAGYM · E1-HU4 Gestionar estado de usuarios
A2: Rol que ejecuta: Administrador. Celdas amarillas = para completar al ejecutar. Alcance y estadísticas se calculan solos.
A4: GENERALIDADES DE LA PRUEBA | E4: ESTADÍSTICAS
A5: Fecha | B5: 2026-10-20 | E5: Total CP diseñados | F5: =COUNTIF(A19:A52,"HE?_HU?_CA?_CP???") -> 11
A6: HU | B6: E1-HU4 — Gestionar estado de usuarios | E6: Total CP ejecutados (OK + NOK) | F6: =COUNTIF(F19:F52,"OK")+COUNTIF(F19:F52,"NOK") -> 11
A7: Módulo | B7: Gestión de usuarios (Sprint 1) | E7: CP con resultado OK | F7: =COUNTIF(F19:F52,"OK") -> 11
A8: No. SP | E8: CP con resultado NOK | F8: =COUNTIF(F19:F52,"NOK") -> 0
A9: Iteración | E9: % OK sobre ejecutados | F9: =IF(F6=0,"Sin ejecutados",F7/F6) -> 1
A10: Tipo de prueba | B10: Funcional | E10: % NOK sobre ejecutados | F10: =IF(F6=0,"Sin ejecutados",F8/F6) -> 0
A11: Alcance (CP por criterio de aceptación) | E11: CP pendientes de ejecutar | F11: =F5-F6 -> 0
A12: CA1 · Activar usuario | B12: =COUNTIF(A19:A52,"*_CA1_*") -> 3 | E12: CP positivos (+) | F12: =COUNTIF(D19:D52,"Positivo*") -> 5
A13: CA2 · Inactivar usuario | B13: =COUNTIF(A19:A52,"*_CA2_*") -> 4 | E13: CP negativos (-) | F13: =COUNTIF(D19:D52,"Negativo*") -> 6
A14: CA3 · Usuario no encontrado | B14: =COUNTIF(A19:A52,"*_CA3_*") -> 4 | E14: Errores de nivel Baja (solo CP NOK) | F14: =COUNTIFS(F19:F52,"NOK",H19:H52,"*Baja") -> 0
A15: CA4 | B15: =COUNTIF(A19:A52,"*_CA4_*") -> 0 | E15: Errores de nivel Media (solo CP NOK) | F15: =COUNTIFS(F19:F52,"NOK",H19:H52,"*Media") -> 0
A16: Total CP | B16: =SUM(B12:B15) -> 11 | E16: Errores de nivel Alta (solo CP NOK) | F16: =COUNTIFS(F19:F52,"NOK",H19:H52,"*Alta") -> 0
A17: DETALLE (CP)
A18: ID_CP | B18: Campos | C18: Valores | D18: Sentido (+/-) | E18: Resultado esperado | F18: Resultado real (OK / NOK) | G18: Evidencia (enlace) o descripción del fallo | H18: Tipo / Nivel del error | I18: Observación
A19: HE1_HU4_CA1_CP001 | B19: Usuario | C19: Andrés Gómez (10000004) | D19: Positivo (+) | E19: Entonces CA1: el sistema cambia el estado a Activo y muestra «Andrés Gómez fue activado correctamente.» | F19: OK | G19: https://docs.google.com/document/d/1-qbGi9E85ciCa6cZzggyylpTzn9xzpVn/edit?usp=drive_link&ouid=103533695958335943637&rtpof=true&sd=true | I19: [Verifica CA1] Precondición: sesión de administrador, lista «Usuarios registrados». Usuario inactivo de demostración (db:seed). Evidencia verificada (27/10/2026): el documento tiene una sección para este CP con 2 capturas que muestran los datos ingresados y el resultado esperado.
B20: Estado actual | C20: Inactivo
B21: Acción | C21: Clic en «Activar»
A22: HE1_HU4_CA1_CP002 | B22: Usuario | C22: Pedro Ruiz (55550001) | D22: Positivo (+) | E22: Entonces CA1: el sistema cambia el estado a Activo y muestra «Pedro Ruiz fue activado correctamente.» | F22: OK | G22: https://docs.google.com/document/d/1-qbGi9E85ciCa6cZzggyylpTzn9xzpVn/edit?usp=drive_link&ouid=103533695958335943637&rtpof=true&sd=true | I22: [Verifica CA1] Precondición: sesión de administrador, lista «Usuarios registrados». Precondición extra: Pedro ya fue inactivado en CA2_CP001. Evidencia verificada (27/10/2026): el documento tiene una sección para este CP con 2 capturas que muestran los datos ingresados y el resultado esperado.
B23: Estado actual | C23: Inactivo
B24: Acción | C24: Clic en «Activar»
A25: HE1_HU4_CA2_CP001 | B25: Usuario | C25: Pedro Ruiz (55550001) | D25: Positivo (+) | E25: Entonces CA2: el sistema cambia el estado a Inactivo y muestra «Pedro Ruiz fue inactivado correctamente.» | F25: OK | G25: https://docs.google.com/document/d/1-qbGi9E85ciCa6cZzggyylpTzn9xzpVn/edit?usp=drive_link&ouid=103533695958335943637&rtpof=true&sd=true | I25: [Verifica CA2] Precondición: sesión de administrador, lista «Usuarios registrados». El registro NO se elimina: solo cambia el estado. Evidencia verificada (27/10/2026): el documento tiene una sección para este CP con 2 capturas que muestran los datos ingresados y el resultado esperado.
B26: Estado actual | C26: Activo
B27: Acción | C27: Clic en «Inactivar»
A28: HE1_HU4_CA2_CP002 | B28: Usuario | C28: Laura Mora Díaz (55550002) | D28: Positivo (+) | E28: Entonces CA2: el sistema cambia el estado a Inactivo y muestra «Laura Mora Díaz fue inactivado correctamente.» | F28: OK | G28: https://docs.google.com/document/d/1-qbGi9E85ciCa6cZzggyylpTzn9xzpVn/edit?usp=drive_link&ouid=103533695958335943637&rtpof=true&sd=true | I28: [Verifica CA2] Precondición: sesión de administrador, lista «Usuarios registrados». Después se vuelve a activar para no afectar otras pruebas. Evidencia verificada (27/10/2026): el documento tiene una sección para este CP con 2 capturas que muestran los datos ingresados y el resultado esperado.
B29: Estado actual | C29: Activo
B30: Acción | C30: Clic en «Inactivar»
A31: HE1_HU4_CA3_CP001 | B31: Usuario | C31: Temporal 2 (55559998) | D31: Negativo (-) | E31: Entonces CA3: el sistema rechaza el cambio y muestra «El usuario no existe.» | F31: OK | G31: https://docs.google.com/document/d/1-qbGi9E85ciCa6cZzggyylpTzn9xzpVn/edit?usp=drive_link&ouid=103533695958335943637&rtpof=true&sd=true | I31: [Verifica CA3] Precondición: sesión de administrador, lista «Usuarios registrados». Usuario temporal 55559998: se registra, y con la fila visible se borra de la base de datos con SQL; luego se pulsa «Inactivar» (pasos en el documento Pasos_E1-HU4). Evidencia verificada (27/10/2026): el documento tiene una sección para este CP con 2 capturas que muestran los datos ingresados y el resultado esperado.
B32: Estado actual | C32: Activo (la fila sigue en pantalla pero ya se borró de la base de datos)
B33: Acción | C33: Clic en «Inactivar»
A34: HE1_HU4_CA3_CP002 | B34: Usuario | C34: Administrador Demo (10000001): la fila del propio administrador | D34: Negativo (-) | E34: Entonces CA3: el botón «Inactivar» de esa fila aparece deshabilitado y al pasar el cursor muestra «No puedes cambiar el estado de tu propio usuario»; no se puede inactivar. | F34: OK | G34: https://docs.google.com/document/d/1-qbGi9E85ciCa6cZzggyylpTzn9xzpVn/edit?usp=drive_link&ouid=103533695958335943637&rtpof=true&sd=true | I34: [CP adicional] Precondición: sesión de administrador, lista «Usuarios registrados». CP adicional: el administrador no puede inactivarse a sí mismo (el sistema lo impide desde la pantalla). Evidencia parcial (27/10/2026): hay una sola captura; muestra «Inactivar» deshabilitado en la fila del administrador, pero no el texto emergente «No puedes cambiar el estado de tu propio usuario». Capturar de nuevo con el cursor sobre el botón. Nota: está clasificado en CA3 (usuario no encontrado) aunque es otra regla; se conserva el ID para no romper la relación con la evidencia. La regla en el servidor se prueba en HE1_HU4_CA3_CP003.
B35: Estado actual | C35: Activo
B36: Acción | C36: Intentar pulsar «Inactivar»
A37: CP ADICIONALES PROPUESTOS POR ANÁLISIS DE RIESGOS · EJECUTADOS EL 27/10/2026 en una copia de pruebas (evidencia en Evidencias_E1-HU4_adicionales.docx; un CP marcado PENDIENTE no se pudo ejecutar)
A38: HE1_HU4_CA1_CP003 | B38: Usuario | C38: Pedro Ruiz (55550001) con «Cardio básico» vigente (E2-HU2 CA1_CP002) | D38: Positivo (+) | E38: Validación adicional: tras activarlo, Pedro ve «TU RUTINA ACTUAL» con «Cardio básico» y la misma fecha de asignación; inactivar no borra ni altera su historial. | F38: OK | G38: Evidencias_E1-HU4_adicionales.docx › HE1_HU4_CA1_CP003 | I38: [CP adicional] Riesgo de integridad entre módulos: el CA2 dice que el registro no se elimina; este CP comprueba que tampoco se pierdan sus relaciones. Ejecutar después de E2-HU2. Regla pendiente: si al inactivar debe retirarse la rutina, el esperado cambia. Prioridad de riesgo propuesta: Media.
B39: Acción | C39: Inactivar y luego Activar
B40: Verificación | C40: Pedro inicia sesión (Nueva2026) → «Mi rutina»
A41: HE1_HU4_CA2_CP003 | B41: Usuario | C41: Pedro Ruiz (55550001), Activo, con sesión abierta en «Mi rutina» en otro navegador | D41: Negativo (-) | E41: Validación adicional: Pedro ya no ve su rutina: la recarga muestra «Tu usuario está inactivo. Comunícate con el administrador.» o lo devuelve al inicio de sesión. | F41: OK | G41: Evidencias_E1-HU4_adicionales.docx › HE1_HU4_CA2_CP003 | I41: [CP adicional] Riesgo: estado que cambia mientras se usa. Si el estado solo se revisara al iniciar sesión, un usuario inactivado seguiría entrando hasta 8 h. Al terminar, activar a Pedro. Prioridad de riesgo propuesta: Alta.
B42: Acción 1 | C42: El administrador pulsa «Inactivar» en la fila de Pedro
B43: Acción 2 | C43: Pedro recarga «Mi rutina»
A44: HE1_HU4_CA2_CP004 | B44: Documento (login) | C44: 55550001 | D44: Negativo (-) | E44: Validación adicional: no inicia sesión y muestra «Tu usuario está inactivo. Comunícate con el administrador.» | F44: OK | G44: Evidencias_E1-HU4_adicionales.docx › HE1_HU4_CA2_CP004 | I44: [CP adicional] Riesgo: el CA2 cambia el estado, pero ningún CP comprueba su efecto: un usuario inactivo no debe poder ingresar. Complemento: con contraseña errada debe responder «Documento o contraseña incorrectos.», sin revelar el estado de la cuenta. Prioridad de riesgo propuesta: Alta.
B45: Contraseña | C45: Nueva2026
B46: Estado de Pedro | C46: Inactivo
A47: HE1_HU4_CA3_CP003 | B47: Canal | C47: API: PATCH http://localhost:3000/api/usuarios/{id de Administrador Demo}/estado | D47: Negativo (-) | E47: Validación adicional: respuesta 409 «No puedes inactivar tu propio usuario.»; el administrador sigue Activo. | F47: OK | G47: Evidencias_E1-HU4_adicionales.docx › HE1_HU4_CA3_CP003 | I47: [CP adicional] CA3_CP002 solo comprueba el botón deshabilitado en pantalla; este CP verifica que la regla exista también en el servidor. Riesgo: que el único administrador quede bloqueado y nadie pueda gestionar usuarios. Prioridad de riesgo propuesta: Alta.
B48: Token | C48: Sesión de Administrador Demo (10000001 / Saiya2026)
B49: Cuerpo JSON | C49: {"estado":"Inactivo"}
A50: HE1_HU4_CA3_CP004 | B50: Canal | C50: API: PATCH http://localhost:3000/api/usuarios/{id de Luis Gómez}/estado | D50: Negativo (-) | E50: Validación adicional: respuesta 400 «El estado debe ser Activo o Inactivo.»; Luis sigue Activo. | F50: OK | G50: Evidencias_E1-HU4_adicionales.docx › HE1_HU4_CA3_CP004 | I50: [CP adicional] Riesgo: un estado fuera de la lista dejaría al usuario en una situación que ninguna pantalla sabe mostrar. Probar también «inactivo» en minúscula (debe rechazarse igual). Prioridad de riesgo propuesta: Baja.
B51: Token | C51: Sesión de Administrador Demo (10000001 / Saiya2026)
B52: Cuerpo JSON | C52: {"estado":"Eliminado"}

Sheet E2-HU1
A1: DISEÑO DE CASOS DE PRUEBA (CP) — SAIYAGYM · E2-HU1 Crear rutina de entrenamiento
A2: Rol que ejecuta: Entrenador. Celdas amarillas = para completar al ejecutar. Alcance y estadísticas se calculan solos.
A4: GENERALIDADES DE LA PRUEBA | E4: ESTADÍSTICAS
A5: Fecha | B5: 2026-10-20 | E5: Total CP diseñados | F5: =COUNTIF(A19:A66,"HE?_HU?_CA?_CP???") -> 16
A6: HU | B6: E2-HU1 — Crear rutina de entrenamiento | E6: Total CP ejecutados (OK + NOK) | F6: =COUNTIF(F19:F66,"OK")+COUNTIF(F19:F66,"NOK") -> 16
A7: Módulo | B7: Gestión de rutinas (Sprint 2) | E7: CP con resultado OK | F7: =COUNTIF(F19:F66,"OK") -> 15
A8: No. SP | E8: CP con resultado NOK | F8: =COUNTIF(F19:F66,"NOK") -> 1
A9: Iteración | E9: % OK sobre ejecutados | F9: =IF(F6=0,"Sin ejecutados",F7/F6) -> 0.9375
A10: Tipo de prueba | B10: Funcional | E10: % NOK sobre ejecutados | F10: =IF(F6=0,"Sin ejecutados",F8/F6) -> 0.0625
A11: Alcance (CP por criterio de aceptación) | E11: CP pendientes de ejecutar | F11: =F5-F6 -> 0
A12: CA1 · Creación exitosa | B12: =COUNTIF(A19:A66,"*_CA1_*") -> 6 | E12: CP positivos (+) | F12: =COUNTIF(D19:D66,"Positivo*") -> 3
A13: CA2 · Datos incompletos | B13: =COUNTIF(A19:A66,"*_CA2_*") -> 8 | E13: CP negativos (-) | F13: =COUNTIF(D19:D66,"Negativo*") -> 13
A14: CA3 · Ejercicio no seleccionado | B14: =COUNTIF(A19:A66,"*_CA3_*") -> 2 | E14: Errores de nivel Baja (solo CP NOK) | F14: =COUNTIFS(F19:F66,"NOK",H19:H66,"*Baja") -> 0
A15: CA4 | B15: =COUNTIF(A19:A66,"*_CA4_*") -> 0 | E15: Errores de nivel Media (solo CP NOK) | F15: =COUNTIFS(F19:F66,"NOK",H19:H66,"*Media") -> 1
A16: Total CP | B16: =SUM(B12:B15) -> 16 | E16: Errores de nivel Alta (solo CP NOK) | F16: =COUNTIFS(F19:F66,"NOK",H19:H66,"*Alta") -> 0
A17: DETALLE (CP)
A18: ID_CP | B18: Campos | C18: Valores | D18: Sentido (+/-) | E18: Resultado esperado | F18: Resultado real (OK / NOK) | G18: Evidencia (enlace) o descripción del fallo | H18: Tipo / Nivel del error | I18: Observación
A19: HE2_HU1_CA1_CP001 | B19: Nombre de la rutina | C19: Fuerza tren superior | D19: Positivo (+) | E19: Entonces CA1: el sistema crea la rutina y muestra «Rutina registrada correctamente.» | F19: OK | G19: https://docs.google.com/document/d/1NfQHTG3vGCu2g09koHiX7udgol7BF719/edit?usp=drive_link&ouid=103533695958335943637&rtpof=true&sd=true | I19: [Verifica CA1] Precondición: sesión de entrenador (10000002), pantalla Rutinas, formulario «Nueva rutina». Rutina de 2 ejercicios. Se usa luego en E2-HU2 y E2-HU4. Evidencia verificada (27/10/2026): el documento tiene una sección para este CP con 2 capturas que muestran los datos ingresados y el resultado esperado.
B20: Objetivo | C20: Ganar fuerza y masa muscular
B21: Ejercicio 1 | C21: Press banca · 4 series x 10 rep.
B22: Ejercicio 2 | C22: Remo con barra · 4 series x 10 rep.
A23: HE2_HU1_CA1_CP002 | B23: Nombre de la rutina | C23: Cardio básico | D23: Positivo (+) | E23: Entonces CA1: el sistema crea la rutina y muestra «Rutina registrada correctamente.» | F23: OK | G23: https://docs.google.com/document/d/1NfQHTG3vGCu2g09koHiX7udgol7BF719/edit?usp=drive_link&ouid=103533695958335943637&rtpof=true&sd=true | I23: [Verifica CA1] Precondición: sesión de entrenador (10000002), pantalla Rutinas, formulario «Nueva rutina». Rutina con un solo ejercicio (mínimo permitido). Evidencia verificada (27/10/2026): el documento tiene una sección para este CP con 2 capturas que muestran los datos ingresados y el resultado esperado.
B24: Objetivo | C24: Mejorar resistencia
B25: Ejercicio 1 | C25: Sentadilla libre · 3 series x 15 rep.
A26: HE2_HU1_CA1_CP003 | B26: Nombre de la rutina | C26: Pierna intensiva | D26: Positivo (+) | E26: Entonces CA1: el sistema crea la rutina y muestra «Rutina registrada correctamente.» | F26: OK | G26: https://docs.google.com/document/d/1NfQHTG3vGCu2g09koHiX7udgol7BF719/edit?usp=drive_link&ouid=103533695958335943637&rtpof=true&sd=true | I26: [Verifica CA1] Precondición: sesión de entrenador (10000002), pantalla Rutinas, formulario «Nueva rutina». Valores límite: 20 series y 200 repeticiones (máximos permitidos). Evidencia verificada (27/10/2026): el documento tiene una sección para este CP con 2 capturas que muestran los datos ingresados y el resultado esperado.
B27: Objetivo | C27: Aumentar resistencia muscular
B28: Ejercicio 1 | C28: Prensa de piernas · 20 series x 200 rep.
A29: HE2_HU1_CA2_CP001 | B29: Nombre de la rutina | C29: (vacío) | D29: Negativo (-) | E29: Entonces CA2: el sistema rechaza el registro y muestra «Faltan datos obligatorios de la rutina: Nombre de la rutina.» | F29: OK | G29: https://docs.google.com/document/d/1NfQHTG3vGCu2g09koHiX7udgol7BF719/edit?usp=drive_link&ouid=103533695958335943637&rtpof=true&sd=true | I29: [Verifica CA2] Precondición: sesión de entrenador (10000002), pantalla Rutinas, formulario «Nueva rutina». Nombre vacío. Evidencia verificada (27/10/2026): el documento tiene una sección para este CP con 2 capturas que muestran los datos ingresados y el resultado esperado.
B30: Objetivo | C30: Ganar fuerza
B31: Ejercicio 1 | C31: Press banca · 4 series x 10 rep.
A32: HE2_HU1_CA2_CP002 | B32: Nombre de la rutina | C32: Fuerza tren superior | D32: Negativo (-) | E32: Entonces CA2: el sistema rechaza el registro y muestra «Faltan datos obligatorios de la rutina: Objetivo.» | F32: OK | G32: https://docs.google.com/document/d/1NfQHTG3vGCu2g09koHiX7udgol7BF719/edit?usp=drive_link&ouid=103533695958335943637&rtpof=true&sd=true | I32: [Verifica CA2] Precondición: sesión de entrenador (10000002), pantalla Rutinas, formulario «Nueva rutina». Objetivo vacío. Evidencia verificada (27/10/2026): el documento tiene una sección para este CP con 2 capturas que muestran los datos ingresados y el resultado esperado.
B33: Objetivo | C33: (vacío)
B34: Ejercicio 1 | C34: Press banca · 4 series x 10 rep.
A35: HE2_HU1_CA2_CP003 | B35: Nombre de la rutina | C35: (vacío) | D35: Negativo (-) | E35: Entonces CA2: el sistema rechaza el registro y muestra «Faltan datos obligatorios de la rutina: Nombre de la rutina, Objetivo.» | F35: OK | G35: https://docs.google.com/document/d/1NfQHTG3vGCu2g09koHiX7udgol7BF719/edit?usp=drive_link&ouid=103533695958335943637&rtpof=true&sd=true | I35: [Verifica CA2] Precondición: sesión de entrenador (10000002), pantalla Rutinas, formulario «Nueva rutina». Nombre y objetivo vacíos. Evidencia verificada (27/10/2026): el documento tiene una sección para este CP con 2 capturas que muestran los datos ingresados y el resultado esperado.
B36: Objetivo | C36: (vacío)
B37: Ejercicio 1 | C37: Press banca · 4 series x 10 rep.
A38: HE2_HU1_CA2_CP004 | B38: Nombre de la rutina | C38: Rutina X | D38: Negativo (-) | E38: Entonces CA2: el sistema rechaza el registro y muestra «El ejercicio 1 no es válido: series entre 1 y 20, repeticiones entre 1 y 200 y nombre de máximo 120 caracteres.» | F38: OK | G38: https://docs.google.com/document/d/1NfQHTG3vGCu2g09koHiX7udgol7BF719/edit?usp=drive_link&ouid=103533695958335943637&rtpof=true&sd=true | I38: [CP adicional] Precondición: sesión de entrenador (10000002), pantalla Rutinas, formulario «Nueva rutina». CP adicional: 21 series (fuera del límite). Evidencia verificada (27/10/2026): el documento tiene una sección para este CP con 2 capturas que muestran los datos ingresados y el resultado esperado.
B39: Objetivo | C39: Objetivo X
B40: Ejercicio 1 | C40: Press banca · 21 series x 10 rep.
A41: HE2_HU1_CA2_CP005 | B41: Nombre de la rutina | C41: Rutina X | D41: Negativo (-) | E41: Entonces CA2: el sistema rechaza el registro y muestra «Completa el nombre, las series y las repeticiones del ejercicio 1.» | F41: OK | G41: https://docs.google.com/document/d/1NfQHTG3vGCu2g09koHiX7udgol7BF719/edit?usp=drive_link&ouid=103533695958335943637&rtpof=true&sd=true | I41: [CP adicional] Precondición: sesión de entrenador (10000002), pantalla Rutinas, formulario «Nueva rutina». CP adicional: repeticiones vacías. Evidencia verificada (27/10/2026): el documento tiene una sección para este CP con 2 capturas que muestran los datos ingresados y el resultado esperado.
B42: Objetivo | C42: Objetivo X
B43: Ejercicio 1 | C43: Press banca · 4 series x (vacío) rep.
A44: HE2_HU1_CA3_CP001 | B44: Nombre de la rutina | C44: Core estable | D44: Negativo (-) | E44: Entonces CA3: el sistema rechaza el registro y muestra «La rutina debe tener al menos un ejercicio.» | F44: OK | G44: https://docs.google.com/document/d/1NfQHTG3vGCu2g09koHiX7udgol7BF719/edit?usp=drive_link&ouid=103533695958335943637&rtpof=true&sd=true | I44: [Verifica CA3] Precondición: sesión de entrenador (10000002), pantalla Rutinas, formulario «Nueva rutina». Se quitan todos los ejercicios con «×». Si la pantalla no deja quitar el último, se prueba por API con "ejercicios": []. Evidencia verificada (27/10/2026): el documento tiene una sección para este CP con 2 capturas que muestran los datos ingresados y el resultado esperado.
B45: Objetivo | C45: Mejorar estabilidad
A46: HE2_HU1_CA3_CP002 | B46: Nombre de la rutina | C46: Movilidad | D46: Negativo (-) | E46: Entonces CA3: el sistema rechaza el registro y muestra «La rutina debe tener al menos un ejercicio.» | F46: OK | G46: https://docs.google.com/document/d/1NfQHTG3vGCu2g09koHiX7udgol7BF719/edit?usp=drive_link&ouid=103533695958335943637&rtpof=true&sd=true | I46: [Verifica CA3] Precondición: sesión de entrenador (10000002), pantalla Rutinas, formulario «Nueva rutina». Mismo caso con otros datos. Evidencia verificada (27/10/2026): el documento tiene una sección para este CP con 2 capturas que muestran los datos ingresados y el resultado esperado. Observación de auditoría: es la misma clase de equivalencia que CA3_CP001 (rutina sin ejercicios con otros datos) y no aporta cobertura nueva; se conserva porque ya tiene evidencia.
B47: Objetivo | C47: Mejorar flexibilidad
A48: CP ADICIONALES PROPUESTOS POR ANÁLISIS DE RIESGOS · EJECUTADOS EL 27/10/2026 en una copia de pruebas (evidencia en Evidencias_E2-HU1_adicionales.docx; un CP marcado PENDIENTE no se pudo ejecutar)
A49: HE2_HU1_CA1_CP004 | B49: Nombre de la rutina | C49: Cardio básico (ya existe: CA1_CP002) | D49: Negativo (-) | E49: Resultado esperado propuesto (regla pendiente): el sistema impide crear una segunda rutina con el mismo nombre o la distingue claramente en el selector de E2-HU2. Si se confirma que se permiten nombres repetidos, el esperado es «Rutina registrada correctamente.» y el CP pasa a positivo. | F49: NOK | G49: NOK: Permitió dos rutinas «Cardio básico» (R06). Evidencias_E2-HU1_adicionales.docx › HE2_HU1_CA1_CP004 | H49: Regla de negocio / integridad · Media | I49: [CP adicional – regla pendiente] Riesgo: el selector de E2-HU2 mostraría dos «Cardio básico» idénticos y el entrenador podría asignar la equivocada; la base de datos no exige nombre único. Prioridad de riesgo propuesta: Media.
B50: Objetivo | C50: Resistencia nivel 2
B51: Ejercicio 1 | C51: Burpees · 3 series x 12 rep.
A52: HE2_HU1_CA1_CP005 | B52: Canal | C52: API: POST http://localhost:3000/api/rutinas | D52: Negativo (-) | E52: Validación adicional: se crea la rutina, pero su entrenador es «Entrenador Demo» (el de la sesión); el entrenador_id enviado se ignora. | F52: OK | G52: Evidencias_E2-HU1_adicionales.docx › HE2_HU1_CA1_CP005 | I52: [CP adicional] Riesgo de integridad: la autoría debe salir de la sesión, no de lo que envía el navegador; si no, un entrenador podría atribuir rutinas a otro. Prioridad de riesgo propuesta: Media.
B53: Token | C53: Sesión de Entrenador Demo (10000002 / Saiya2026)
B54: Cuerpo JSON | C54: {"nombre":"Rutina autoría","objetivo":"Probar autoría","entrenador_id":<id de Laura Mora Díaz>,"ejercicios":[{"nombre":"Plancha","series":3,"repeticiones":30}]}
A55: HE2_HU1_CA1_CP006 | B55: Canal | C55: API: POST http://localhost:3000/api/rutinas | D55: Negativo (-) | E55: Validación adicional: respuesta 403 «No tienes permiso para realizar esta acción.»; la rutina no aparece en «Rutinas registradas». | F55: OK | G55: Evidencias_E2-HU1_adicionales.docx › HE2_HU1_CA1_CP006 | I55: [CP adicional] Riesgo de permisos: el usuario del gimnasio no debe crear rutinas. Prioridad de riesgo propuesta: Alta.
B56: Token | C56: Sesión de Camila Pérez (10000003 / Saiya2026)
B57: Cuerpo JSON | C57: {"nombre":"Mi rutina propia","objetivo":"Probar permisos","ejercicios":[{"nombre":"Sentadilla","series":3,"repeticiones":10}]}
A58: HE2_HU1_CA2_CP006 | B58: Nombre de la rutina | C58: Rutina límite | D58: Negativo (-) | E58: Validación adicional: rechaza con «El ejercicio 1 no es válido: series entre 1 y 20, repeticiones entre 1 y 200 y nombre de máximo 120 caracteres.»; no se crea la rutina. | F58: OK | G58: Evidencias_E2-HU1_adicionales.docx › HE2_HU1_CA2_CP006 | I58: [CP adicional] Valor límite inferior − 1 (CA2_CP004 solo prueba el superior). Riesgo: un ejercicio de 0 series no tiene sentido en «Mi rutina». Prioridad de riesgo propuesta: Media.
B59: Objetivo | C59: Probar límites
B60: Ejercicio 1 | C60: Press banca · 0 series x 10 rep.
A61: HE2_HU1_CA2_CP007 | B61: Canal | C61: API: POST http://localhost:3000/api/rutinas | D61: Negativo (-) | E61: Validación adicional: rechaza la rutina (400) y no la crea. Mensaje esperado propuesto: que indique que las repeticiones deben ser un número entero. | F61: OK | G61: Evidencias_E2-HU1_adicionales.docx › HE2_HU1_CA2_CP007 | I61: [CP adicional] Riesgo: 10,5 repeticiones no es ejecutable y la columna es entera; si se redondeara en silencio, el usuario vería otro dato. Nota de análisis: el sistema probablemente responda «Completa el nombre, las series y las repeticiones del ejercicio 1.», que rechaza bien pero describe mal el problema; en ese caso el rechazo es OK y la mejora del mensaje se anota como observación. Prioridad de riesgo propuesta: Baja.
B62: Token | C62: Sesión de Entrenador Demo (10000002 / Saiya2026)
B63: Cuerpo JSON | C63: {"nombre":"Rutina decimal","objetivo":"Probar decimales","ejercicios":[{"nombre":"Press banca","series":4,"repeticiones":10.5}]}
A64: HE2_HU1_CA2_CP008 | B64: Nombre de la rutina | C64: Rutina espacios | D64: Negativo (-) | E64: Validación adicional: rechaza con «Completa el nombre, las series y las repeticiones del ejercicio 1.» | F64: OK | G64: Evidencias_E2-HU1_adicionales.docx › HE2_HU1_CA2_CP008 | I64: [CP adicional] Riesgo: un ejercicio sin nombre visible en «Mi rutina». Prioridad de riesgo propuesta: Media.
B65: Objetivo | C65: Probar nombres vacíos
B66: Ejercicio 1 | C66: (4 espacios) · 4 series x 10 rep.

Sheet E2-HU2
A1: DISEÑO DE CASOS DE PRUEBA (CP) — SAIYAGYM · E2-HU2 Asignar rutina a usuario
A2: Rol que ejecuta: Entrenador. Celdas amarillas = para completar al ejecutar. Alcance y estadísticas se calculan solos.
A4: GENERALIDADES DE LA PRUEBA | E4: ESTADÍSTICAS
A5: Fecha | B5: 2026-10-20 | E5: Total CP diseñados | F5: =COUNTIF(A19:A60,"HE?_HU?_CA?_CP???") -> 13
A6: HU | B6: E2-HU2 — Asignar rutina a usuario | E6: Total CP ejecutados (OK + NOK) | F6: =COUNTIF(F19:F60,"OK")+COUNTIF(F19:F60,"NOK") -> 13
A7: Módulo | B7: Gestión de rutinas (Sprint 2) | E7: CP con resultado OK | F7: =COUNTIF(F19:F60,"OK") -> 9
A8: No. SP | E8: CP con resultado NOK | F8: =COUNTIF(F19:F60,"NOK") -> 4
A9: Iteración | E9: % OK sobre ejecutados | F9: =IF(F6=0,"Sin ejecutados",F7/F6) -> 0.69230769
A10: Tipo de prueba | B10: Funcional | E10: % NOK sobre ejecutados | F10: =IF(F6=0,"Sin ejecutados",F8/F6) -> 0.30769231
A11: Alcance (CP por criterio de aceptación) | E11: CP pendientes de ejecutar | F11: =F5-F6 -> 0
A12: CA1 · Asignación exitosa | B12: =COUNTIF(A19:A60,"*_CA1_*") -> 5 | E12: CP positivos (+) | F12: =COUNTIF(D19:D60,"Positivo*") -> 3
A13: CA2 · Usuario no seleccionado | B13: =COUNTIF(A19:A60,"*_CA2_*") -> 1 | E13: CP negativos (-) | F13: =COUNTIF(D19:D60,"Negativo*") -> 10
A14: CA3 · Usuario no disponible | B14: =COUNTIF(A19:A60,"*_CA3_*") -> 3 | E14: Errores de nivel Baja (solo CP NOK) | F14: =COUNTIFS(F19:F60,"NOK",H19:H60,"*Baja") -> 3
A15: CA4 · Rutina no seleccionada | B15: =COUNTIF(A19:A60,"*_CA4_*") -> 4 | E15: Errores de nivel Media (solo CP NOK) | F15: =COUNTIFS(F19:F60,"NOK",H19:H60,"*Media") -> 1
A16: Total CP | B16: =SUM(B12:B15) -> 13 | E16: Errores de nivel Alta (solo CP NOK) | F16: =COUNTIFS(F19:F60,"NOK",H19:H60,"*Alta") -> 0
A17: DETALLE (CP)
A18: ID_CP | B18: Campos | C18: Valores | D18: Sentido (+/-) | E18: Resultado esperado | F18: Resultado real (OK / NOK) | G18: Evidencia (enlace) o descripción del fallo | H18: Tipo / Nivel del error | I18: Observación
A19: HE2_HU2_CA1_CP001 | B19: Usuario | C19: Camila Pérez | D19: Positivo (+) | E19: Entonces CA1: el sistema asigna la rutina y muestra «La rutina "Fuerza tren superior" fue asignada a Camila Pérez correctamente.» | F19: OK | G19: https://docs.google.com/document/d/1lRqV1zrO9mUMZ58Zv8bgMuRSpJwCJOTD/edit?usp=drive_link&ouid=103533695958335943637&rtpof=true&sd=true | I19: [Verifica CA1] Precondición: sesión de entrenador, tarjeta «Asignar rutina a un usuario»; existen las rutinas de E2-HU1. Evidencia verificada (27/10/2026): el documento tiene una sección para este CP con 2 capturas que muestran los datos ingresados y el resultado esperado.
B20: Rutina | C20: Fuerza tren superior
B21: Acción | C21: Clic en «Asignar»
A22: HE2_HU2_CA1_CP002 | B22: Usuario | C22: Pedro Ruiz | D22: Positivo (+) | E22: Entonces CA1: el sistema asigna la rutina y muestra «La rutina "Cardio básico" fue asignada a Pedro Ruiz correctamente.» | F22: OK | G22: https://docs.google.com/document/d/1lRqV1zrO9mUMZ58Zv8bgMuRSpJwCJOTD/edit?usp=drive_link&ouid=103533695958335943637&rtpof=true&sd=true | I22: [Verifica CA1] Precondición: sesión de entrenador, tarjeta «Asignar rutina a un usuario»; existen las rutinas de E2-HU1. Pedro debe estar Activo (E1-HU4 CA1_CP002). Evidencia verificada (27/10/2026): el documento tiene una sección para este CP con 2 capturas que muestran los datos ingresados y el resultado esperado.
B23: Rutina | C23: Cardio básico
B24: Acción | C24: Clic en «Asignar»
A25: HE2_HU2_CA1_CP003 | B25: Usuario | C25: Camila Pérez | D25: Positivo (+) | E25: Entonces CA1: el sistema asigna la nueva rutina; la anterior queda como histórico y Camila ve solo «Cardio básico» en Mi rutina. | F25: OK | G25: https://docs.google.com/document/d/1lRqV1zrO9mUMZ58Zv8bgMuRSpJwCJOTD/edit?usp=drive_link&ouid=103533695958335943637&rtpof=true&sd=true | I25: [Verifica CA1] Precondición: sesión de entrenador, tarjeta «Asignar rutina a un usuario»; existen las rutinas de E2-HU1. Reasignación: Camila ya tenía «Fuerza tren superior». Al terminar queda con «Cardio básico». Evidencia verificada (27/10/2026): el documento tiene una sección para este CP con 2 capturas que muestran los datos ingresados y el resultado esperado. La captura muestra «Asignada a»: Cardio básico 2 y Fuerza tren superior 0, coherente con la reasignación. Que Camila vea solo «Cardio básico» se comprueba en E2-HU4 CA4_CP002.
B26: Rutina | C26: Cardio básico
B27: Acción | C27: Clic en «Asignar»
A28: HE2_HU2_CA2_CP001 | B28: Usuario | C28: Selecciona un usuario | D28: Negativo (-) | E28: Entonces CA2: el sistema rechaza la asignación y muestra «Selecciona un usuario para asignarle la rutina.» | F28: OK | G28: https://docs.google.com/document/d/1lRqV1zrO9mUMZ58Zv8bgMuRSpJwCJOTD/edit?usp=drive_link&ouid=103533695958335943637&rtpof=true&sd=true | I28: [Verifica CA2] Precondición: sesión de entrenador, tarjeta «Asignar rutina a un usuario»; existen las rutinas de E2-HU1. No se elige usuario. Evidencia verificada (27/10/2026): el documento tiene una sección para este CP con 2 capturas que muestran los datos ingresados y el resultado esperado.
B29: Rutina | C29: Fuerza tren superior
B30: Acción | C30: Clic en «Asignar»
A31: HE2_HU2_CA3_CP001 | B31: Usuario | C31: Andrés Gómez (inactivo) | D31: Negativo (-) | E31: Entonces CA3: el sistema rechaza la asignación y muestra «El usuario seleccionado está inactivo y no está disponible para asignarle una rutina.» | F31: OK | G31: https://docs.google.com/document/d/1lRqV1zrO9mUMZ58Zv8bgMuRSpJwCJOTD/edit?usp=drive_link&ouid=103533695958335943637&rtpof=true&sd=true | I31: [Verifica CA3] Precondición: sesión de entrenador, tarjeta «Asignar rutina a un usuario»; existen las rutinas de E2-HU1. Andrés debe estar Inactivo: ejecutar antes de activarlo en E1-HU4 CA1_CP001, o volver a inactivarlo. Evidencia verificada (27/10/2026): el documento tiene una sección para este CP con 2 capturas que muestran los datos ingresados y el resultado esperado.
B32: Rutina | C32: Fuerza tren superior
B33: Acción | C33: Clic en «Asignar»
A34: HE2_HU2_CA4_CP001 | B34: Usuario | C34: Camila Pérez | D34: Negativo (-) | E34: Entonces CA4: el sistema rechaza la asignación y muestra «Selecciona una rutina para asignar.» | F34: OK | G34: https://docs.google.com/document/d/1lRqV1zrO9mUMZ58Zv8bgMuRSpJwCJOTD/edit?usp=drive_link&ouid=103533695958335943637&rtpof=true&sd=true | I34: [Verifica CA4] Precondición: sesión de entrenador, tarjeta «Asignar rutina a un usuario»; existen las rutinas de E2-HU1. No se elige rutina. Evidencia verificada (27/10/2026): el documento tiene una sección para este CP con 2 capturas que muestran los datos ingresados y el resultado esperado.
B35: Rutina | C35: Selecciona una rutina
B36: Acción | C36: Clic en «Asignar»
A37: HE2_HU2_CA4_CP002 | B37: Usuario | C37: Selecciona un usuario | D37: Negativo (-) | E37: Entonces CA4: el sistema rechaza la asignación y muestra el mensaje de usuario no seleccionado (se valida primero el usuario). | F37: OK | G37: https://docs.google.com/document/d/1lRqV1zrO9mUMZ58Zv8bgMuRSpJwCJOTD/edit?usp=drive_link&ouid=103533695958335943637&rtpof=true&sd=true | I37: [CP adicional] Precondición: sesión de entrenador, tarjeta «Asignar rutina a un usuario»; existen las rutinas de E2-HU1. CP adicional: ninguno de los dos seleccionado. Evidencia verificada (27/10/2026): el documento tiene una sección para este CP con 2 capturas que muestran los datos ingresados y el resultado esperado. Nota: está en CA4, pero el mensaje que verifica es el del CA2 (prioridad de validación del usuario).
B38: Rutina | C38: Selecciona una rutina
B39: Acción | C39: Clic en «Asignar»
A40: CP ADICIONALES PROPUESTOS POR ANÁLISIS DE RIESGOS · EJECUTADOS EL 27/10/2026 en una copia de pruebas (evidencia en Evidencias_E2-HU2_adicionales.docx; un CP marcado PENDIENTE no se pudo ejecutar)
A41: HE2_HU2_CA1_CP004 | B41: Canal | C41: API: dos POST http://localhost:3000/api/asignaciones enviados a la vez | D41: Negativo (-) | E41: Validación adicional: Pedro queda con UNA sola asignación vigente (la consulta devuelve 1) y la segunda petición recibe una respuesta controlada, no «Ocurrió un error inesperado en el servidor». | F41: NOK | G41: NOK: 2.ª petición simultánea: HTTP 500 genérico. Evidencias_E2-HU2_adicionales.docx › HE2_HU2_CA1_CP004 | H41: Manejo de errores (concurrencia) · Baja | I41: [CP adicional] Riesgo de concurrencia: la base de datos solo admite una asignación vigente por usuario (índice único). Nota de análisis: si dos asignaciones llegan a la vez, la segunda choca con ese índice y el manejador de errores no lo traduce, así que es probable un error 500; si ocurre, registrar NOK (severidad sugerida: Baja: la integridad se conserva, el mensaje es genérico). Al terminar, reasignar «Cardio básico» a Pedro (lo usa E2-HU4). Prioridad de riesgo propuesta: Media.
B42: Token | C42: Sesión de Entrenador Demo (10000002 / Saiya2026)
B43: Cuerpo JSON | C43: {"usuario_id":<id de Pedro>,"rutina_id":<id de «Fuerza tren superior - nivel 2»>}
B44: Verificación SQL | C44: SELECT COUNT(*) FROM asignaciones_rutina WHERE usuario_id=<id de Pedro> AND vigente;
A45: HE2_HU2_CA1_CP005 | B45: Usuario | C45: Pedro Ruiz (ya tiene «Cardio básico» vigente) | D45: Negativo (-) | E45: Resultado esperado propuesto (regla pendiente): el sistema avisa que Pedro ya tiene esa rutina vigente o, si la reasignación es válida, Pedro conserva una sola asignación vigente y «Asignada a» de Cardio básico no aumenta. | F45: NOK | G45: NOK: Reasignar la misma rutina crea otro registro de historial (R08). Evidencias_E2-HU2_adicionales.docx › HE2_HU2_CA1_CP005 | H45: Regla de negocio · Baja | I45: [CP adicional – regla pendiente] Riesgo: acción repetida. Con el código actual, repetir la asignación crea otro registro en el historial y cambia la fecha de asignación que ve el usuario aunque la rutina sea la misma. Historial: SELECT * FROM asignaciones_rutina WHERE usuario_id=<id de Pedro>; Prioridad de riesgo propuesta: Baja.
B46: Rutina | C46: Cardio básico
B47: Acción | C47: Clic en «Asignar»
A48: HE2_HU2_CA3_CP002 | B48: Canal | C48: API: POST http://localhost:3000/api/asignaciones | D48: Negativo (-) | E48: Resultado esperado propuesto (regla pendiente de confirmar): rechaza la asignación porque las rutinas son para usuarios del gimnasio; Laura no queda con asignación vigente. | F48: NOK | G48: NOK: Asignó una rutina a un entrenador (R07). Evidencias_E2-HU2_adicionales.docx › HE2_HU2_CA3_CP002 | H48: Regla de negocio / integridad · Media | I48: [CP adicional – regla pendiente] Riesgo de relación incorrecta: la pantalla solo lista usuarios con rol «usuario», pero el servidor no verifica el rol del destinatario; un entrenador no tiene «Mi rutina», así que la asignación quedaría huérfana y contaría en «Asignada a». Nota de análisis: es probable que hoy se acepte; si ocurre, registrar NOK (severidad sugerida: Media, integridad de datos). Prioridad de riesgo propuesta: Alta.
B49: Token | C49: Sesión de Entrenador Demo (10000002 / Saiya2026)
B50: Cuerpo JSON | C50: {"usuario_id":<id de Laura Mora Díaz, rol entrenador>,"rutina_id":<id de «Cardio básico»>}
A51: HE2_HU2_CA3_CP003 | B51: Paso 1 | C51: Entrenador selecciona Pedro Ruiz (Activo) y «Cardio básico», sin pulsar Asignar | D51: Negativo (-) | E51: Entonces CA3 (variante): rechaza con «El usuario seleccionado está inactivo y no está disponible para asignarle una rutina.»; Pedro no recibe una nueva asignación. | F51: OK | G51: Evidencias_E2-HU2_adicionales.docx › HE2_HU2_CA3_CP003 | I51: [CP adicional] Riesgo: el selector muestra el estado del momento en que cargó la página; la verificación debe hacerse al guardar. Al terminar, activar a Pedro. Prioridad de riesgo propuesta: Media.
B52: Paso 2 | C52: En otra sesión, el administrador inactiva a Pedro
B53: Paso 3 | C53: El entrenador pulsa «Asignar»
A54: HE2_HU2_CA4_CP003 | B54: Preparación SQL | C54: UPDATE rutinas SET estado='Inactiva' WHERE nombre='Pierna intensiva'; | D54: Negativo (-) | E54: Validación adicional: rechaza con «La rutina seleccionada no está disponible.»; Camila conserva su rutina vigente anterior. Al terminar, devolver la rutina a 'Activa'. | F54: OK | G54: Evidencias_E2-HU2_adicionales.docx › HE2_HU2_CA4_CP003 | I54: [CP adicional] Riesgo: asignar una rutina que el usuario no podrá ver (E2-HU4 CA3 la mostraría como «Rutina no disponible»). Prioridad de riesgo propuesta: Media.
B55: Usuario | C55: Camila Pérez
B56: Rutina | C56: Pierna intensiva
B57: Acción | C57: Clic en «Asignar» (o por API si el selector ya no la muestra)
A58: HE2_HU2_CA4_CP004 | B58: Canal | C58: API: POST http://localhost:3000/api/asignaciones | D58: Negativo (-) | E58: Validación adicional: respuesta 400 con un mensaje claro y bien escrito (p. ej., «La rutina indicada no es válida.»); no se crea asignación. | F58: NOK | G58: NOK: Mensaje «El rutina indicado…» mal redactado. Evidencias_E2-HU2_adicionales.docx › HE2_HU2_CA4_CP004 | H58: Mensaje / redacción · Baja | I58: [CP adicional] Riesgo: datos manipulados desde el navegador. Nota de análisis: el código arma el mensaje como «El rutina indicado no es válido.» (error de concordancia); si aparece así, el rechazo es correcto pero el texto es un defecto menor (severidad sugerida: Baja). Prioridad de riesgo propuesta: Baja.
B59: Token | C59: Sesión de Entrenador Demo (10000002 / Saiya2026)
B60: Cuerpo JSON | C60: {"usuario_id":<id de Camila>,"rutina_id":"abc"}

Sheet E2-HU3
A1: DISEÑO DE CASOS DE PRUEBA (CP) — SAIYAGYM · E2-HU3 Modificar rutina de entrenamiento
A2: Rol que ejecuta: Entrenador. Celdas amarillas = para completar al ejecutar. Alcance y estadísticas se calculan solos.
A4: GENERALIDADES DE LA PRUEBA | E4: ESTADÍSTICAS
A5: Fecha | B5: 2026-10-20 | E5: Total CP diseñados | F5: =COUNTIF(A19:A56,"HE?_HU?_CA?_CP???") -> 11
A6: HU | B6: E2-HU3 — Modificar rutina de entrenamiento | E6: Total CP ejecutados (OK + NOK) | F6: =COUNTIF(F19:F56,"OK")+COUNTIF(F19:F56,"NOK") -> 11
A7: Módulo | B7: Gestión de rutinas (Sprint 2) | E7: CP con resultado OK | F7: =COUNTIF(F19:F56,"OK") -> 10
A8: No. SP | E8: CP con resultado NOK | F8: =COUNTIF(F19:F56,"NOK") -> 1
A9: Iteración | E9: % OK sobre ejecutados | F9: =IF(F6=0,"Sin ejecutados",F7/F6) -> 0.90909091
A10: Tipo de prueba | B10: Funcional | E10: % NOK sobre ejecutados | F10: =IF(F6=0,"Sin ejecutados",F8/F6) -> 0.090909091
A11: Alcance (CP por criterio de aceptación) | E11: CP pendientes de ejecutar | F11: =F5-F6 -> 0
A12: CA1 · Modificación exitosa | B12: =COUNTIF(A19:A56,"*_CA1_*") -> 5 | E12: CP positivos (+) | F12: =COUNTIF(D19:D56,"Positivo*") -> 4
A13: CA2 · Rutina no encontrada | B13: =COUNTIF(A19:A56,"*_CA2_*") -> 2 | E13: CP negativos (-) | F13: =COUNTIF(D19:D56,"Negativo*") -> 7
A14: CA3 · Datos obligatorios eliminados | B14: =COUNTIF(A19:A56,"*_CA3_*") -> 4 | E14: Errores de nivel Baja (solo CP NOK) | F14: =COUNTIFS(F19:F56,"NOK",H19:H56,"*Baja") -> 0
A15: CA4 | B15: =COUNTIF(A19:A56,"*_CA4_*") -> 0 | E15: Errores de nivel Media (solo CP NOK) | F15: =COUNTIFS(F19:F56,"NOK",H19:H56,"*Media") -> 1
A16: Total CP | B16: =SUM(B12:B15) -> 11 | E16: Errores de nivel Alta (solo CP NOK) | F16: =COUNTIFS(F19:F56,"NOK",H19:H56,"*Alta") -> 0
A17: DETALLE (CP)
A18: ID_CP | B18: Campos | C18: Valores | D18: Sentido (+/-) | E18: Resultado esperado | F18: Resultado real (OK / NOK) | G18: Evidencia (enlace) o descripción del fallo | H18: Tipo / Nivel del error | I18: Observación
A19: HE2_HU3_CA1_CP001 | B19: Nombre de la rutina | C19: Fuerza tren superior - nivel 2 | D19: Positivo (+) | E19: Entonces CA1: el sistema guarda los cambios y muestra «Rutina modificada correctamente.» | F19: OK | G19: https://docs.google.com/document/d/12UGBbx7oETFpF6f8n3GpEMTCk2YpFju2/edit?usp=drive_link&ouid=103533695958335943637&rtpof=true&sd=true | I19: [Verifica CA1] Precondición: sesión de entrenador, lista «Rutinas registradas»; clic en «Editar». Rutina «Fuerza tren superior»: cambia solo el nombre. Evidencia verificada (27/10/2026): el documento tiene una sección para este CP con 2 capturas que muestran los datos ingresados y el resultado esperado.
B20: Objetivo | C20: Ganar fuerza y masa muscular
B21: Ejercicio 1 | C21: Press banca · 4 series x 10 rep.
B22: Ejercicio 2 | C22: Remo con barra · 4 series x 10 rep.
A23: HE2_HU3_CA1_CP002 | B23: Nombre de la rutina | C23: Fuerza tren superior - nivel 2 | D23: Positivo (+) | E23: Entonces CA1: el sistema guarda los cambios y muestra «Rutina modificada correctamente.» | F23: OK | G23: https://docs.google.com/document/d/12UGBbx7oETFpF6f8n3GpEMTCk2YpFju2/edit?usp=drive_link&ouid=103533695958335943637&rtpof=true&sd=true | I23: [Verifica CA1] Precondición: sesión de entrenador, lista «Rutinas registradas»; clic en «Editar». Se agrega un tercer ejercicio con «+ Agregar ejercicio». Lo usa E2-HU4 CA4. Evidencia verificada (27/10/2026): el documento tiene una sección para este CP con 2 capturas que muestran los datos ingresados y el resultado esperado.
B24: Objetivo | C24: Ganar fuerza y masa muscular
B25: Ejercicio 1 | C25: Press banca · 4 series x 10 rep.
B26: Ejercicio 2 | C26: Remo con barra · 4 series x 10 rep.
B27: Ejercicio 3 | C27: Fondos en paralelas · 3 series x 12 rep.
A28: HE2_HU3_CA1_CP003 | B28: Nombre de la rutina | C28: Fuerza tren superior - nivel 2 | D28: Positivo (+) | E28: Entonces CA1: el sistema guarda los cambios y muestra «Rutina modificada correctamente.» | F28: OK | G28: https://docs.google.com/document/d/12UGBbx7oETFpF6f8n3GpEMTCk2YpFju2/edit?usp=drive_link&ouid=103533695958335943637&rtpof=true&sd=true | I28: [Verifica CA1] Precondición: sesión de entrenador, lista «Rutinas registradas»; clic en «Editar». Se cambian series y repeticiones del primer ejercicio. Evidencia verificada (27/10/2026): el documento tiene una sección para este CP con 2 capturas que muestran los datos ingresados y el resultado esperado.
B29: Objetivo | C29: Ganar fuerza y masa muscular
B30: Ejercicio 1 | C30: Press banca · 5 series x 8 rep.
B31: Ejercicio 2 | C31: Remo con barra · 4 series x 10 rep.
B32: Ejercicio 3 | C32: Fondos en paralelas · 3 series x 12 rep.
A33: HE2_HU3_CA2_CP001 | B33: Nombre de la rutina | C33: Rutina temporal | D33: Negativo (-) | E33: Entonces CA2: el sistema rechaza la modificación y muestra «La rutina no fue encontrada.» | F33: OK | G33: https://docs.google.com/document/d/12UGBbx7oETFpF6f8n3GpEMTCk2YpFju2/edit?usp=drive_link&ouid=103533695958335943637&rtpof=true&sd=true | I33: [Verifica CA2] Precondición: sesión de entrenador. Rutina «Rutina temporal»: se crea, se pulsa «Modificar» y, sin cerrar el formulario, se borra de la base de datos con SQL. Luego se pulsa «Guardar cambios» (pasos en el documento Pasos_E2-HU3). Evidencia verificada (27/10/2026): el documento tiene una sección para este CP con 2 capturas que muestran los datos ingresados y el resultado esperado. Observación menor: después del rechazo, el panel «Detalle de la rutina» sigue mostrando «Rutina temporal», que ya no existe.
B34: Objetivo | C34: Objetivo temporal
B35: Ejercicio 1 | C35: Press banca · 4 series x 10 rep.
A36: HE2_HU3_CA3_CP001 | B36: Nombre de la rutina | C36: (vacío) | D36: Negativo (-) | E36: Entonces CA3: el sistema rechaza la actualización y muestra «Faltan datos obligatorios de la rutina: Nombre de la rutina.» | F36: OK | G36: https://docs.google.com/document/d/12UGBbx7oETFpF6f8n3GpEMTCk2YpFju2/edit?usp=drive_link&ouid=103533695958335943637&rtpof=true&sd=true | I36: [Verifica CA3] Precondición: sesión de entrenador, lista «Rutinas registradas»; clic en «Editar». Se borra el nombre. Evidencia verificada (27/10/2026): el documento tiene una sección para este CP con 2 capturas que muestran los datos ingresados y el resultado esperado. Observación de auditoría: los valores registrados (1 ejercicio, Press banca 4x10) no coinciden con el estado de la rutina tras CA1_CP003 (3 ejercicios, Press banca 5x8). La captura muestra esos mismos valores, así que el rechazo es válido, pero el CP no aísla una sola variable. En una reejecución, partir de la rutina tal como quedó y cambiar solo el campo bajo prueba.
B37: Objetivo | C37: Ganar fuerza y masa muscular
B38: Ejercicio 1 | C38: Press banca · 4 series x 10 rep.
A39: HE2_HU3_CA3_CP002 | B39: Nombre de la rutina | C39: Fuerza tren superior - nivel 2 | D39: Negativo (-) | E39: Entonces CA3: el sistema rechaza la actualización y muestra «Faltan datos obligatorios de la rutina: Objetivo.» | F39: OK | G39: https://docs.google.com/document/d/12UGBbx7oETFpF6f8n3GpEMTCk2YpFju2/edit?usp=drive_link&ouid=103533695958335943637&rtpof=true&sd=true | I39: [Verifica CA3] Precondición: sesión de entrenador, lista «Rutinas registradas»; clic en «Editar». Se borra el objetivo. Evidencia verificada (27/10/2026): el documento tiene una sección para este CP con 2 capturas que muestran los datos ingresados y el resultado esperado. Observación de auditoría: los valores registrados (1 ejercicio, Press banca 4x10) no coinciden con el estado de la rutina tras CA1_CP003 (3 ejercicios, Press banca 5x8). La captura muestra esos mismos valores, así que el rechazo es válido, pero el CP no aísla una sola variable. En una reejecución, partir de la rutina tal como quedó y cambiar solo el campo bajo prueba.
B40: Objetivo | C40: (vacío)
B41: Ejercicio 1 | C41: Press banca · 4 series x 10 rep.
A42: HE2_HU3_CA3_CP003 | B42: Nombre de la rutina | C42: Fuerza tren superior - nivel 2 | D42: Negativo (-) | E42: Entonces CA3: el sistema rechaza la actualización y muestra «La rutina debe tener al menos un ejercicio.» | F42: OK | G42: https://docs.google.com/document/d/12UGBbx7oETFpF6f8n3GpEMTCk2YpFju2/edit?usp=drive_link&ouid=103533695958335943637&rtpof=true&sd=true | I42: [Verifica CA3] Precondición: sesión de entrenador, lista «Rutinas registradas»; clic en «Editar». Se quitan todos los ejercicios (si la pantalla no lo permite, se prueba por API). Evidencia verificada (27/10/2026): el documento tiene una sección para este CP con 2 capturas que muestran los datos ingresados y el resultado esperado. Observación de auditoría: los valores registrados (sin ejercicios, a partir de una rutina de 1 ejercicio) no coinciden con el estado de la rutina tras CA1_CP003 (3 ejercicios, Press banca 5x8). La captura muestra esos mismos valores, así que el rechazo es válido, pero el CP no aísla una sola variable. En una reejecución, partir de la rutina tal como quedó y cambiar solo el campo bajo prueba.
B43: Objetivo | C43: Ganar fuerza y masa muscular
A44: CP ADICIONALES PROPUESTOS POR ANÁLISIS DE RIESGOS · EJECUTADOS EL 27/10/2026 en una copia de pruebas (evidencia en Evidencias_E2-HU3_adicionales.docx; un CP marcado PENDIENTE no se pudo ejecutar)
A45: HE2_HU3_CA1_CP004 | B45: Rutina | C45: «Fuerza tren superior - nivel 2», vigente para Camila (E2-HU4 CA1_CP001) | D45: Positivo (+) | E45: Validación adicional: «Rutina modificada correctamente.»; Camila ve 4 series en «Fondos en paralelas» y su fecha de asignación no cambia. | F45: OK | G45: Evidencias_E2-HU3_adicionales.docx › HE2_HU3_CA1_CP004 | I45: [CP adicional] Riesgo de integridad entre HU: la modificación debe llegar a quien ya tiene la rutina, sin crear otra asignación. Regla pendiente: si se quisiera conservar la versión anterior para quienes ya la tenían, el esperado cambia. Prioridad de riesgo propuesta: Media.
B46: Cambio | C46: Ejercicio 3 Fondos en paralelas: 3 → 4 series (12 rep.)
B47: Verificación | C47: Camila → «Mi rutina»
A48: HE2_HU3_CA1_CP005 | B48: Sesión | C48: Laura Mora Díaz (55550002 / Entren2026), rol entrenador, Activa | D48: Negativo (-) | E48: Resultado esperado propuesto (regla pendiente): si cada entrenador solo modifica sus rutinas, el sistema rechaza con «No tienes permiso para realizar esta acción.». Si se confirma que cualquier entrenador puede modificar, el cambio se guarda y la rutina sigue mostrando «Entrenador: Entrenador Demo». | F48: NOK | G48: NOK: Un entrenador modificó una rutina ajena (R09). Evidencias_E2-HU3_adicionales.docx › HE2_HU3_CA1_CP005 | H48: Seguridad (autorización) · Media | I48: [CP adicional – regla pendiente] Riesgo de permisos entre entrenadores: el código documenta que «cualquier entrenador del gimnasio puede ajustar una rutina»; hay que confirmar si eso pide la HU. Precondición: Laura activa (E1-HU4 CA2_CP002 la reactiva). Prioridad de riesgo propuesta: Media.
B49: Rutina | C49: Pierna intensiva (creada por Entrenador Demo)
B50: Cambio | C50: Objetivo → «Objetivo cambiado por otra entrenadora»
A51: HE2_HU3_CA2_CP002 | B51: Canal | C51: API: PUT http://localhost:3000/api/rutinas/999999 | D51: Negativo (-) | E51: Entonces CA2 (variante): respuesta 404 «La rutina no fue encontrada.»; no se crea una rutina «Fantasma». | F51: OK | G51: Evidencias_E2-HU3_adicionales.docx › HE2_HU3_CA2_CP002 | I51: [CP adicional] Variante reproducible del CA2 sin borrar datos con SQL. Riesgo: que modificar un id inexistente termine creando un registro. Prioridad de riesgo propuesta: Baja.
B52: Token | C52: Sesión de Entrenador Demo (10000002 / Saiya2026)
B53: Cuerpo JSON | C53: {"nombre":"Fantasma","objetivo":"No existe","ejercicios":[{"nombre":"Plancha","series":3,"repeticiones":30}]}
A54: HE2_HU3_CA3_CP004 | B54: Rutina | C54: «Fuerza tren superior - nivel 2» con sus 3 ejercicios guardados | D54: Negativo (-) | E54: Validación adicional: rechaza con «El ejercicio 2 no es válido: series entre 1 y 20, repeticiones entre 1 y 200 y nombre de máximo 120 caracteres.»; al pulsar «Ver», la rutina conserva sus 3 ejercicios con los valores anteriores. | F54: OK | G54: Evidencias_E2-HU3_adicionales.docx › HE2_HU3_CA3_CP004 | I54: [CP adicional] Riesgo de integridad: al modificar, el sistema reemplaza toda la lista de ejercicios; si fallara después de borrar los anteriores, la rutina quedaría vacía o incompleta. Prioridad de riesgo propuesta: Alta.
B55: Cambio | C55: Ejercicio 2 Remo con barra · 4 series x 201 rep.
B56: Acción | C56: Guardar cambios; luego «Ver»

Sheet E2-HU4
A1: DISEÑO DE CASOS DE PRUEBA (CP) — SAIYAGYM · E2-HU4 Consultar rutina asignada
A2: Rol que ejecuta: Usuario del gimnasio. Celdas amarillas = para completar al ejecutar. Alcance y estadísticas se calculan solos.
A4: GENERALIDADES DE LA PRUEBA | E4: ESTADÍSTICAS
A5: Fecha | B5: 2026-10-20 | E5: Total CP diseñados | F5: =COUNTIF(A19:A51,"HE?_HU?_CA?_CP???") -> 9
A6: HU | B6: E2-HU4 — Consultar rutina asignada | E6: Total CP ejecutados (OK + NOK) | F6: =COUNTIF(F19:F51,"OK")+COUNTIF(F19:F51,"NOK") -> 8
A7: Módulo | B7: Gestión de rutinas (Sprint 2) | E7: CP con resultado OK | F7: =COUNTIF(F19:F51,"OK") -> 7
A8: No. SP | E8: CP con resultado NOK | F8: =COUNTIF(F19:F51,"NOK") -> 1
A9: Iteración | E9: % OK sobre ejecutados | F9: =IF(F6=0,"Sin ejecutados",F7/F6) -> 0.875
A10: Tipo de prueba | B10: Funcional | E10: % NOK sobre ejecutados | F10: =IF(F6=0,"Sin ejecutados",F8/F6) -> 0.125
A11: Alcance (CP por criterio de aceptación) | E11: CP pendientes de ejecutar | F11: =F5-F6 -> 1
A12: CA1 · Rutina encontrada | B12: =COUNTIF(A19:A51,"*_CA1_*") -> 5 | E12: CP positivos (+) | F12: =COUNTIF(D19:D51,"Positivo*") -> 4
A13: CA2 · Sin rutina asignada | B13: =COUNTIF(A19:A51,"*_CA2_*") -> 1 | E13: CP negativos (-) | F13: =COUNTIF(D19:D51,"Negativo*") -> 5
A14: CA3 · Rutina no disponible | B14: =COUNTIF(A19:A51,"*_CA3_*") -> 1 | E14: Errores de nivel Baja (solo CP NOK) | F14: =COUNTIFS(F19:F51,"NOK",H19:H51,"*Baja") -> 1
A15: CA4 · Consulta exitosa | B15: =COUNTIF(A19:A51,"*_CA4_*") -> 2 | E15: Errores de nivel Media (solo CP NOK) | F15: =COUNTIFS(F19:F51,"NOK",H19:H51,"*Media") -> 0
A16: Total CP | B16: =SUM(B12:B15) -> 9 | E16: Errores de nivel Alta (solo CP NOK) | F16: =COUNTIFS(F19:F51,"NOK",H19:H51,"*Alta") -> 0
A17: DETALLE (CP)
A18: ID_CP | B18: Campos | C18: Valores | D18: Sentido (+/-) | E18: Resultado esperado | F18: Resultado real (OK / NOK) | G18: Evidencia (enlace) o descripción del fallo | H18: Tipo / Nivel del error | I18: Observación
A19: HE2_HU4_CA1_CP001 | B19: Documento (login) | C19: 10000003 | D19: Positivo (+) | E19: Entonces CA1: el sistema muestra «TU RUTINA ACTUAL» con el nombre de la rutina, la fecha de asignación, el objetivo, el entrenador y la tabla de ejercicios. | F19: OK | G19: https://docs.google.com/document/d/1ATvnsXWQaRYnv9AjN803vzqrII0OWsbj/edit?usp=drive_link&ouid=103533695958335943637&rtpof=true&sd=true | I19: [Verifica CA1] Precondición: sesión del usuario, pantalla «Mi rutina». Camila Pérez. Antes, como entrenador, asígnale «Fuerza tren superior - nivel 2» (así se llama esa rutina después de E2-HU3). Evidencia NO verificada: el documento de evidencias de E2-HU4 responde «acceso restringido» (HTTP 401) a quien no tiene permiso. El resultado OK se conserva tal como lo registró quien ejecutó, pero hay que compartir el documento como «Cualquier persona con el enlace – Lector» para que se pueda revisar.
B20: Contraseña | C20: Saiya2026
B21: Pantalla | C21: Mi rutina
B22: Situación | C22: Camila con «Fuerza tren superior - nivel 2» asignada
A23: HE2_HU4_CA1_CP002 | B23: Documento (login) | C23: 55550001 | D23: Positivo (+) | E23: Entonces CA1: el sistema muestra «TU RUTINA ACTUAL» con la rutina «Cardio básico» y su ejercicio. | F23: OK | G23: https://docs.google.com/document/d/1ATvnsXWQaRYnv9AjN803vzqrII0OWsbj/edit?usp=drive_link&ouid=103533695958335943637&rtpof=true&sd=true | I23: [Verifica CA1] Precondición: sesión del usuario, pantalla «Mi rutina». Pedro Ruiz (contraseña cambiada en E1-HU2 CA1_CP003), rutina asignada en E2-HU2 CA1_CP002. Evidencia NO verificada: el documento de evidencias de E2-HU4 responde «acceso restringido» (HTTP 401) a quien no tiene permiso. El resultado OK se conserva tal como lo registró quien ejecutó, pero hay que compartir el documento como «Cualquier persona con el enlace – Lector» para que se pueda revisar.
B24: Contraseña | C24: Nueva2026
B25: Pantalla | C25: Mi rutina
B26: Situación | C26: Pedro con «Cardio básico» asignada
A27: HE2_HU4_CA2_CP001 | B27: Documento (login) | C27: A123 | D27: Negativo (-) | E27: Entonces CA2: el sistema muestra el aviso «Sin rutina asignada» con el texto «El usuario no tiene una rutina asignada.» | F27: OK | G27: https://docs.google.com/document/d/1ATvnsXWQaRYnv9AjN803vzqrII0OWsbj/edit?usp=drive_link&ouid=103533695958335943637&rtpof=true&sd=true | I27: [Verifica CA2] Precondición: sesión del usuario, pantalla «Mi rutina». Luis Gómez fue registrado en E1-HU1 CA1_CP004 y nunca se le asignó rutina. Evidencia NO verificada: el documento de evidencias de E2-HU4 responde «acceso restringido» (HTTP 401) a quien no tiene permiso. El resultado OK se conserva tal como lo registró quien ejecutó, pero hay que compartir el documento como «Cualquier persona con el enlace – Lector» para que se pueda revisar.
B28: Contraseña | C28: Clave123
B29: Pantalla | C29: Mi rutina
B30: Situación | C30: Luis Gómez sin ninguna asignación
A31: HE2_HU4_CA3_CP001 | B31: Documento (login) | C31: 55550001 | D31: Negativo (-) | E31: Entonces CA3: el sistema muestra el aviso «Rutina no disponible» con el texto «La rutina asignada no está disponible.» | F31: OK | G31: https://docs.google.com/document/d/1ATvnsXWQaRYnv9AjN803vzqrII0OWsbj/edit?usp=drive_link&ouid=103533695958335943637&rtpof=true&sd=true | I31: [Verifica CA3] Precondición: sesión del usuario, pantalla «Mi rutina». No hay pantalla para inactivar rutinas: se hace por base de datos (UPDATE rutinas SET estado='Inactiva' WHERE nombre='Cardio básico';) y luego se devuelve a 'Activa'. Evidencia NO verificada: el documento de evidencias de E2-HU4 responde «acceso restringido» (HTTP 401) a quien no tiene permiso. El resultado OK se conserva tal como lo registró quien ejecutó, pero hay que compartir el documento como «Cualquier persona con el enlace – Lector» para que se pueda revisar.
B32: Contraseña | C32: Nueva2026
B33: Pantalla | C33: Mi rutina
B34: Situación | C34: Rutina de Pedro marcada como Inactiva
A35: HE2_HU4_CA4_CP001 | B35: Documento (login) | C35: 10000003 | D35: Positivo (+) | E35: Entonces CA4: el sistema muestra la rutina completa: nombre, objetivo, entrenador y los 3 ejercicios con sus series y repeticiones. | F35: OK | G35: https://docs.google.com/document/d/1ATvnsXWQaRYnv9AjN803vzqrII0OWsbj/edit?usp=drive_link&ouid=103533695958335943637&rtpof=true&sd=true | I35: [Verifica CA4] Precondición: sesión del usuario, pantalla «Mi rutina». Rutina vigente correctamente asignada (Camila debe tener «Fuerza tren superior - nivel 2»). Evidencia NO verificada: el documento de evidencias de E2-HU4 responde «acceso restringido» (HTTP 401) a quien no tiene permiso. El resultado OK se conserva tal como lo registró quien ejecutó, pero hay que compartir el documento como «Cualquier persona con el enlace – Lector» para que se pueda revisar.
B36: Contraseña | C36: Saiya2026
B37: Pantalla | C37: Mi rutina
B38: Situación | C38: Camila con la rutina de 3 ejercicios (tras E2-HU3 CA1_CP002)
A39: HE2_HU4_CA4_CP002 | B39: Documento (login) | C39: 10000003 | D39: Positivo (+) | E39: Entonces CA4: el sistema muestra solo la rutina vigente («Cardio básico»), no la anterior. | F39: OK | G39: https://docs.google.com/document/d/1ATvnsXWQaRYnv9AjN803vzqrII0OWsbj/edit?usp=drive_link&ouid=103533695958335943637&rtpof=true&sd=true | I39: [Verifica CA4] Precondición: sesión del usuario, pantalla «Mi rutina». Antes, como entrenador, asígnale «Cardio básico» a Camila. Ejecútalo al final de E2-HU4. Evidencia NO verificada: el documento de evidencias de E2-HU4 responde «acceso restringido» (HTTP 401) a quien no tiene permiso. El resultado OK se conserva tal como lo registró quien ejecutó, pero hay que compartir el documento como «Cualquier persona con el enlace – Lector» para que se pueda revisar.
B40: Contraseña | C40: Saiya2026
B41: Pantalla | C41: Mi rutina
B42: Situación | C42: Camila reasignada a «Cardio básico»
A43: CP ADICIONALES PROPUESTOS POR ANÁLISIS DE RIESGOS · EJECUTADOS EL 27/10/2026 en una copia de pruebas (evidencia en Evidencias_E2-HU4_adicionales.docx; un CP marcado PENDIENTE no se pudo ejecutar)
A44: HE2_HU4_CA1_CP003 | B44: Sesión | C44: Luis Gómez (A123 / Clave123), sin rutina asignada | D44: Negativo (-) | E44: Validación adicional: la respuesta corresponde a Luis («El usuario no tiene una rutina asignada.»); nunca muestra «Cardio básico» de Pedro. | F44: OK | G44: Evidencias_E2-HU4_adicionales.docx › HE2_HU4_CA1_CP003 | I44: [CP adicional] Riesgo de privacidad: acceder a la rutina de otro usuario cambiando un identificador. Ejecutar antes de HE2_HU4_CA1_CP004, que le asigna rutina a Luis. Prioridad de riesgo propuesta: Alta.
B45: Canal | C45: API: GET http://localhost:3000/api/mi-rutina?usuario_id=<id de Pedro>
B46: Situación | C46: Pedro tiene «Cardio básico» vigente
A47: HE2_HU4_CA1_CP004 | B47: Hora de la asignación | C47: Entre 19:00 y 23:59, hora de Colombia (UTC−5); anotar la hora exacta | D47: Negativo (-) | E47: Validación adicional: «Asignada el» muestra la fecha de Colombia del día en que se asignó; nunca la del día siguiente (fecha futura). | G47: PENDIENTE: ejecutar entre 19:00 y 23:59 (hora Colombia). Pasos en Evidencias_E2-HU4_adicionales.docx › HE2_HU4_CA1_CP004 | I47: [CP adicional] Riesgo de fecha incoherente: la fecha se toma con CURRENT_DATE en el servidor de base de datos; si este usa UTC, desde las 19:00 de Colombia ya es el día siguiente y el usuario vería una fecha futura. Ejecutar después de CA2_CP001 (Luis sin rutina). Prioridad de riesgo propuesta: Media.
B48: Usuario / Rutina | C48: Luis Gómez / Cardio básico
B49: Verificación | C49: Luis → «Mi rutina» → texto «Asignada el …»; en PostgreSQL: SHOW timezone;
A50: HE2_HU4_CA1_CP005 | B50: Sesión | C50: Sesión de Camila Pérez (10000003 / Saiya2026) en «Mi rutina» | D50: Negativo (-) | E50: Validación adicional: muestra «Tu sesión no es válida o expiró. Inicia sesión de nuevo.» y pide iniciar sesión; no muestra ninguna rutina. | F50: NOK | G50: NOK: Texto distinto al esperado; no muestra la rutina. Evidencias_E2-HU4_adicionales.docx › HE2_HU4_CA1_CP005 | H50: Mensaje / interfaz · Baja | I50: [CP adicional] Riesgo de seguridad: un token alterado o vencido no debe dar acceso a la rutina. Prioridad de riesgo propuesta: Media.
B51: Acción | C51: DevTools > Application > Session Storage: cambiar un carácter del valor «saiyagym.token» y recargar

Sheet Formato en blanco
A1: DISEÑO DE CASOS DE PRUEBA (CP) — SAIYAGYM
A2: Plantilla en blanco para las historias de los siguientes sprints. Copia esta hoja (clic derecho > Mover o copiar).
A4: GENERALIDADES DE LA PRUEBA | E4: ESTADÍSTICAS
A5: Fecha | E5: Total CP diseñados | F5: =COUNTIF(A19:A58,"HE?_HU?_CA?_CP???") -> 0
A6: HU | E6: Total CP ejecutados (OK + NOK) | F6: =COUNTIF(F19:F58,"OK")+COUNTIF(F19:F58,"NOK") -> 0
A7: Módulo | E7: CP con resultado OK | F7: =COUNTIF(F19:F58,"OK") -> 0
A8: No. SP | E8: CP con resultado NOK | F8: =COUNTIF(F19:F58,"NOK") -> 0
A9: Iteración | E9: % OK sobre ejecutados | F9: =IF(F6=0,"Sin ejecutados",F7/F6) -> Sin ejecutados
A10: Tipo de prueba | E10: % NOK sobre ejecutados | F10: =IF(F6=0,"Sin ejecutados",F8/F6) -> Sin ejecutados
A11: Alcance (CP por criterio de aceptación) | E11: CP pendientes de ejecutar | F11: =F5-F6 -> 0
A12: CA1 | B12: =COUNTIF(A19:A58,"*_CA1_*") -> 0 | E12: CP positivos (+) | F12: =COUNTIF(D19:D58,"Positivo*") -> 0
A13: CA2 | B13: =COUNTIF(A19:A58,"*_CA2_*") -> 0 | E13: CP negativos (-) | F13: =COUNTIF(D19:D58,"Negativo*") -> 0
A14: CA3 | B14: =COUNTIF(A19:A58,"*_CA3_*") -> 0 | E14: Errores de nivel Baja (solo CP NOK) | F14: =COUNTIFS(F19:F58,"NOK",H19:H58,"Baja") -> 0
A15: CA4 | B15: =COUNTIF(A19:A58,"*_CA4_*") -> 0 | E15: Errores de nivel Media (solo CP NOK) | F15: =COUNTIFS(F19:F58,"NOK",H19:H58,"Media") -> 0
A16: Total CP | B16: =SUM(B12:B15) -> 0 | E16: Errores de nivel Alta (solo CP NOK) | F16: =COUNTIFS(F19:F58,"NOK",H19:H58,"Alta") -> 0
A17: DETALLE (CP)
A18: ID_CP | B18: Campos | C18: Valores | D18: Sentido (+/-) | E18: Resultado esperado | F18: Resultado real (OK / NOK) | G18: Evidencia (enlace) o descripción del fallo | H18: Tipo / Nivel del error | I18: Observación

Sheet Revisión QA
A1: REVISIÓN DE ASEGURAMIENTO DE CALIDAD — SAIYAGYM · Sprints 1 y 2 · 27/10/2026
A2: Método: auditoría de las 11 hojas, lectura del código fuente del proyecto (backend, frontend y base de datos) para fundamentar los riesgos, y revisión visual de cada captura de los documentos de evidencia enlazados. Ningún resultado se marcó como ejecutado sin evidencia.
A4: 1. HALLAZGOS DE LA AUDITORÍA DEL LIBRO
A5: ID | B5: Hoja / celda | C5: Hallazgo | D5: Acción tomada
A6: H01 | B6: Guía!B27 | C6: Decía que los CP no estaban ejecutados, pero los 68 CP originales tienen resultado OK y enlace de evidencia. | D6: Texto corregido: distingue los CP originales (ejecutados) de los adicionales (pendientes).
A7: H02 | B7: Todas las HU · F9:F10 | C7: % OK y % NOK devolvían 0 % cuando no había CP ejecutados, lo que se puede leer como «0 % aprobado». | D7: Ahora muestran «Sin ejecutados».
A8: H03 | B8: Todas las HU · F14:F16 | C8: Los errores por nivel contaban cualquier nivel escrito, aunque el CP no fuera NOK. | D8: COUNTIFS: solo cuenta CP NOK con ese nivel.
A9: H04 | B9: Todas las HU · F5 | C9: COUNTA contaba cualquier texto en la columna ID_CP (un título o separador inflaría el total). | D9: COUNTIF con el patrón HE?_HU?_CA?_CP???.
A10: H05 | B10: Todas las HU | C10: Rangos de fórmulas, listas desplegables y formato condicional terminaban en la última fila original. | D10: Ampliados hasta el último CP adicional de cada hoja.
A11: H06 | B11: Resumen | C11: No tenía porcentajes, defectos por nivel, control de evidencias ni verificación (+)+(−)=diseñados. Las cifras de las 8 historias sí coincidían con sus hojas. | D11: Se agregaron dos tablas con fórmulas y la definición de cada indicador; la tabla original no se modificó.
A12: H07 | B12: Todas las HU · ID_CP | C12: IDs únicos y bien construidos. Algunos CP adicionales están en un CA de otro tema (E1-HU1 CA2_CP007–009, E1-HU2 CA3_CP004–005, E1-HU4 CA3_CP002, E2-HU2 CA4_CP002). | D12: Se conservan los IDs (los usan las evidencias) y se etiquetan [CP adicional] en Observación.
A13: H08 | B13: E1-HU1 CA1_CP002 y CP003 | C13: El resultado esperado decía «Usuario registrado correctamente.», pero la evidencia muestra «Entrenador…» y «Administrador registrado correctamente.». | D13: Resultado esperado ajustado al mensaje real; queda como regla por confirmar (R12).
A14: H09 | B14: E1-HU4 CA3_CP002 | C14: Evidencia parcial: una captura sin el texto emergente que el resultado esperado menciona. | D14: Indicado en Observación qué captura falta.
A15: H10 | B15: E2-HU3 CA3_CP001–003 | C15: Los datos de prueba no corresponden al estado de la rutina después de CA1_CP003 (no aíslan una sola variable). | D15: Anotado en Observación con la forma correcta de reejecutarlos.
A16: H11 | B16: E2-HU1 CA3_CP002 | C16: Redundante: misma clase de equivalencia que CA3_CP001. | D16: Se conserva (tiene evidencia) y se anota que no suma cobertura.
... A21: H16 | B21: Evidencia E2-HU3 CA2_CP001 | C21: El panel «Detalle de la rutina» sigue mostrando una rutina que ya no existe. | D21: Anotado como observación menor; no se registra como defecto porque el CP evalúa otro criterio.
A23: 2. VERIFICACIÓN DE LOS DOCUMENTOS DE EVIDENCIA (Google Drive)
A24: Historia | B24: Acceso | C24: Resultado de la verificación | D24: Pendiente
A25: E1-HU1 | B25: Público | C25: Documento con índice y una sección por cada uno de sus 16 CP (32 capturas). Se revisó cada captura de resultado: datos y mensajes coinciden con el CP salvo lo anotado en Observación. | D25: Capturas de los CP adicionales (ver columna Evidencia).
A26: E1-HU2 | B26: Público | C26: Documento con índice y una sección por cada uno de sus 9 CP (18 capturas). Se revisó cada captura de resultado: datos y mensajes coinciden con el CP salvo lo anotado en Observación. | D26: Capturas de los CP adicionales (ver columna Evidencia).
A27: E1-HU3 | B27: Público | C27: Documento con índice y una sección por cada uno de sus 7 CP (14 capturas). Se revisó cada captura de resultado: datos y mensajes coinciden con el CP salvo lo anotado en Observación. | D27: Capturas de los CP adicionales (ver columna Evidencia).
A28: E1-HU4 | B28: Público | C28: Documento con índice y una sección por cada uno de sus 6 CP (11 capturas). Se revisó cada captura de resultado: datos y mensajes coinciden con el CP salvo lo anotado en Observación. | D28: Capturas de los CP adicionales (ver columna Evidencia).
A29: E2-HU1 | B29: Público | C29: Documento con índice y una sección por cada uno de sus 10 CP (20 capturas). Se revisó cada captura de resultado: datos y mensajes coinciden con el CP salvo lo anotado en Observación. | D29: Capturas de los CP adicionales (ver columna Evidencia).
A30: E2-HU2 | B30: Público | C30: Documento con índice y una sección por cada uno de sus 7 CP (14 capturas). Se revisó cada captura de resultado: datos y mensajes coinciden con el CP salvo lo anotado en Observación. | D30: Capturas de los CP adicionales (ver columna Evidencia).
A31: E2-HU3 | B31: Público | C31: Documento con índice y una sección por cada uno de sus 7 CP (14 capturas). Se revisó cada captura de resultado: datos y mensajes coinciden con el CP salvo lo anotado en Observación. | D31: Capturas de los CP adicionales (ver columna Evidencia).
A32: E2-HU4 | B32: Restringido (401) | C32: No se pudo abrir: no se afirma nada sobre su contenido. | D32: Compartir como «Cualquier persona con el enlace – Lector» y revisar los 6 CP.
A34: 3. REGLAS DE NEGOCIO PENDIENTES DE CONFIRMAR
A35: ID | B35: CP relacionados | C35: Pregunta | D35: Por qué importa
A36: R01 | B36: HE1_HU1_CA1_CP006 | C36: ¿El correo electrónico debe ser único entre usuarios? | D36: Hoy solo el documento es único.
A37: R02 | B37: HE1_HU1_CA1_CP005 | C37: ¿Qué caracteres se permiten en el nombre? | D37: Sin regla se acepta código HTML; el CP verifica al menos que no se ejecute.
A38: R03 | B38: HE1_HU1_CA2_CP010 | C38: ¿El teléfono debe tener al menos 7 dígitos reales? | D38: El mensaje del sistema lo sugiere, pero el patrón acepta solo guiones.
A39: R04 | B39: HE1_HU3_CA1_CP004 | C39: ¿La búsqueda debe ignorar las tildes? | D39: «perez» podría no encontrar a «Pérez».
A40: R05 | B40: HE1_HU4_CA1_CP003 | C40: ¿Al inactivar un usuario se conserva su rutina asignada? | D40: Define el resultado esperado al reactivarlo.
A41: R06 | B41: HE2_HU1_CA1_CP004 | C41: ¿Se permiten rutinas con el mismo nombre? | D41: El selector de asignación no las distinguiría.
A42: R07 | B42: HE2_HU2_CA3_CP002 | C42: ¿Solo los usuarios con rol «usuario» pueden recibir rutinas? | D42: El servidor no valida el rol del destinatario.
A43: R08 | B43: HE2_HU2_CA1_CP005 | C43: ¿Qué debe pasar al reasignar la misma rutina vigente? | D43: Hoy cambiaría la fecha de asignación y crecería el historial.
A44: R09 | B44: HE2_HU3_CA1_CP005 | C44: ¿Cualquier entrenador puede modificar rutinas de otro? | D44: El código lo permite a propósito; la HU no lo dice.
A45: R10 | B45: HE2_HU3_CA1_CP004 | C45: ¿Modificar una rutina afecta a quienes ya la tienen asignada? | D45: No hay versiones de rutina.
A46: R11 | B46: HE2_HU4_CA1_CP004 | C46: ¿En qué zona horaria se registra la fecha de asignación? | D46: Con el servidor en UTC, de noche aparecería la fecha de mañana.
... A49: R14 | B49: Guía punto 3 | C49: ¿El mínimo «2 positivos y 1 negativo» es por historia o por criterio? | D49: Por criterio, faltarían positivos en criterios solo negativos.
A51: 4. ESCENARIOS EVALUADOS Y DESCARTADOS (no aplican a SAIYAGYM)
A52: Escenario | B52: Módulo | C52: Motivo | D52: Qué hacer
A53: Fecha de nacimiento imposible, futura o edad absurda | B53: E1-HU1/HU2 | C53: El formulario de usuario no tiene fecha de nacimiento ni edad (campos: nombre, documento, teléfono, correo, rol, contraseña). Probarlo sería inventar un requisito. | D53: Si un sprint futuro agrega la fecha, diseñar esos CP (fecha futura, 29/02 en año no bisiesto, edad mínima confirmada).
A54: Fechas de inicio y fin de rutina, duración | B54: E2 | C54: Las rutinas no tienen fechas ni duración; la única fecha es la de asignación (cubierta en HE2_HU4_CA1_CP004). | D54: —
A55: Eliminar usuarios o rutinas | B55: E1-HU4 / E2 | C55: No existe la función: E1-HU4 inactiva sin borrar. | D55: Los CA que simulan «no encontrado» borran con SQL; se agregaron variantes por API que no borran datos.
A56: Peso o carga de los ejercicios | B56: E2-HU1 | C56: El ejercicio solo tiene nombre, series y repeticiones. | D56: —
A58: 5. ÍNDICE DE CP ADICIONALES (ejecutados el 27/10/2026: 32 OK, 10 NOK y 1 PENDIENTE)
A59: ID_CP | B59: Prioridad de riesgo | C59: Riesgo que busca prevenir | D59: Hoja
A60: HE1_HU1_CA1_CP005 | B60: Alta | C60: XSS almacenado en el nombre | D60: E1-HU1
A61: HE1_HU1_CA1_CP006 | B61: Baja | C61: Correo repetido entre usuarios distintos | D61: E1-HU1
A62: HE1_HU1_CA1_CP007 | B62: Alta | C62: Entrenador crea un administrador por API | D62: E1-HU1
A63: HE1_HU1_CA2_CP010 | B63: Media | C63: Teléfono sin dígitos aceptado | D63: E1-HU1
A64: HE1_HU1_CA2_CP011 | B64: Alta | C64: Documento con puntos esquiva el duplicado | D64: E1-HU1
A65: HE1_HU1_CA2_CP012 | B65: Media | C65: Nombre más largo que la columna de la BD | D65: E1-HU1
A66: HE1_HU1_CA2_CP013 | B66: Media | C66: Contraseña mayor que el límite de bcrypt | D66: E1-HU1
A67: HE1_HU1_CA3_CP004 | B67: Alta | C67: Duplicado con espacios alrededor del documento | D67: E1-HU1
A68: HE1_HU1_CA3_CP005 | B68: Media | C68: Registro doble simultáneo | D68: E1-HU1
A69: HE1_HU2_CA1_CP004 | B69: Alta | C69: Rol retirado sigue vigente en sesión abierta | D69: E1-HU2
A70: HE1_HU2_CA2_CP002 | B70: Baja | C70: Id fuera de rango en la URL | D70: E1-HU2
... A102: HE2_HU4_CA1_CP005 | B102: Media | C102: Token alterado | D102: E2-HU4
A104: 6. EJECUCIÓN DE LOS CP ADICIONALES (27/10/2026)
A105: Cómo se ejecutó | B105: Copia de pruebas del código del proyecto (SAIYAGYM.zip del 17/10/2026): backend Node/Express 5, PostgreSQL 16 y frontend React/Vite, con los datos de demostración. Se repitió la corrida completa tres veces con la base recreada y los resultados fueron los mismos.
A106: Qué evidencia hay | B106: Casos por pantalla: capturas del navegador (antes y resultado). Casos «API»: solicitud y respuesta reales enviadas con fetch (no son capturas de Postman). Todo está en Evidencias_<HU>_adicionales.docx.
A107: Límite importante | B107: Se ejecutó en un entorno distinto al de los 68 CP originales. Si el código del proyecto cambió después del 17/10/2026, o para la entrega final, conviene repetir los NOK en el equipo del grupo.
A108: Sin ejecutar | B108: HE2_HU4_CA1_CP004 (fecha de asignación): solo se reproduce entre 19:00 y 23:59 hora de Colombia, y depende de la zona horaria del servidor de PostgreSQL.
A109: Alcance de HE1_HU1_CA1_CP005 | B109: Se verificó que el nombre con HTML se muestra como texto en la lista y que no se ejecuta código; no se revisaron el formulario de edición ni el selector de asignación (el usuario quedó Inactivo y el selector solo ofrece activos).
A110: Datos de prueba que cambian el estado | B110: Los casos NOK dejan datos de prueba (por ejemplo un correo repetido o una rutina duplicada); en la copia de pruebas se limpiaron los que afectaban a otros casos.
A112: HALLAZGOS (casos NOK)
A113: ID_CP | B113: Nivel sugerido | C113: Hallazgo | D113: Regla pendiente
A114: HE1_HU1_CA2_CP010 | B114: Media | C114: Acepta un teléfono sin dígitos («-------»).
A115: HE2_HU2_CA3_CP002 | B115: Media | C115: El servidor asigna una rutina a un usuario con rol entrenador (queda una asignación huérfana). | D115: R07
A116: HE2_HU3_CA1_CP005 | B116: Media | C116: Un entrenador puede modificar una rutina creada por otro. | D116: R09
A117: HE2_HU1_CA1_CP004 | B117: Media | C117: Permite dos rutinas con el mismo nombre. | D117: R06
A118: HE1_HU1_CA1_CP006 | B118: Baja | C118: Acepta un correo repetido entre usuarios distintos. | D118: R01
A119: HE1_HU3_CA1_CP004 | B119: Baja | C119: La búsqueda distingue tildes («perez» no encuentra «Pérez»). | D119: R04
A120: HE2_HU2_CA1_CP004 | B120: Baja | C120: Con dos asignaciones simultáneas, la segunda responde HTTP 500 genérico; la integridad se conserva.
A121: HE2_HU2_CA1_CP005 | B121: Baja | C121: Reasignar la misma rutina vigente crea otro registro en el historial. | D121: R08
A122: HE2_HU2_CA4_CP004 | B122: Baja | C122: Mensaje con error de concordancia: «El rutina indicado no es válido.».
A123: HE2_HU4_CA1_CP005 | B123: Baja | C123: Con token alterado el texto es «Tu sesión terminó. Ingresa nuevamente.», no el esperado; el acceso se bloquea bien.
A125: Los NOK de casos con «regla pendiente» (R01, R04, R06–R09) dependen de lo que confirme la profesora: si la regla actual es la correcta, esos CP pasan a OK.
